user_id,name,city
1,UNKNOWN,Jodhpur
2,OLIVIA SHARMA,Pune
3,ANAYA  KAPOOR,Hyderabad
4,UNKNOWN,Gwalior
5,UNKNOWN,Amritsar
6,ANITA PATEL,Unknown
7,ANITA  THOMPSON,Bhopal
8,UNKNOWN,Pune
9,ISHAAN CHAUHAN,Thane
10,UNKNOWN,Kolkata
11,DEEPAK PATEL,Aurangabad
12,AMAN  JAIN,Hyderabad
13,HARSH TAYLOR,Coimbatore
14,UNKNOWN,Thrissur
15,UNKNOWN,Kanpur
16,KABIR PATEL,Gwalior
17,OLIVIA PATEL,Delhi
18,HARSH TAYLOR,Unknown
19,KAVITA ANSARI,Mumbai
20,ROHIT GOWDA,Visakhapatnam
21,SARA THAKUR,Hyderabad
22,UNKNOWN,Nashik
23,KABIR KHANNA,Kozhikode
24,POOJA CHAUHAN,Jabalpur
25,DEV REDDY,Agra
26,ZOYA DAS,Kozhikode
27,TARA NAIDU,Pune
28,ZOYA  CLARK,Indore
29,MEERA THAKUR,Vijayawada
30,MARIA KHAN,Nagpur
31,ANAYA KHANNA,Ahmedabad
32,KAVITA ANDERSON,Mumbai
33,NEHA ROY,Visakhapatnam
34,DEV PATEL,Vadodara
35,SIDDHARTH JOHNSON,Coimbatore
36,UNKNOWN,Rajkot
37,SIDDHARTH MISHRA,Chandigarh
38,AMIT BROWN,Delhi
39,SNEHA CHAUHAN,Varanasi
40,KOMAL TIWARI,Chennai
41,DEEPAK NAIDU,Mumbai
42,UNKNOWN,Pune
43,GAURAV YADAV,Gwalior
44,VIHAAN GUPTA,Faridabad
45,EMMA REDDY,Meerut
46,SHIVAM DUTTA,Lucknow
47,NEHA NAIDU,Chennai
48,RHEA JAIN,Allahabad
49,YASH GOWDA,Visakhapatnam
50,OLIVIA KHAN,Bhopal
51,FARHAN THAKUR,Ranchi
52,POOJA BOSE,Indore
53,EMMA  JOHNSON,Noida
54,PRIYA SHARMA,Ranchi
55,UNKNOWN,Coimbatore
56,GAURAV  KHAN,Dhanbad
57,ASHA GOWDA,Patna
58,ANAYA MALHOTRA,Salem
59,SARA PATEL,Thrissur
60,MAHESH KHANNA,Coimbatore
61,MEERA ROY,Pune
62,MANISH DUTTA,Meerut
63,MAHESH JAIN,Noida
64,UNKNOWN,Pune
65,GAURAV  THAKUR,Meerut
66,DEV WILLIAMS,Visakhapatnam
67,VIKAS GUPTA,Pune
68,MAHESH THOMPSON,Agra
69,SOPHIA GOWDA,Srinagar
70,LIAM MALHOTRA,Surat
71,HARSH WILLIAMS,Delhi
72,SHIVAM DSOUZA,Hyderabad
73,NEHA  SHARMA,Tirupati
74,ANITA NAIDU,Thrissur
75,NEHA MEHTA,Ludhiana
76,UNKNOWN,Kochi
77,ANAYA VERMA,Mysore
78,JAMES ROY,Patna
79,MAHESH SHEIKH,Howrah
80,JAMES  BROWN,Pune
81,POOJA  SHEIKH,Jodhpur
82,MAHESH CLARK,Vadodara
83,KABIR DUTTA,Allahabad
84,MARIA  DSOUZA,Coimbatore
85,ANITA DSOUZA,Ghaziabad
86,ASHA  AGARWAL,Mumbai
87,DEEPAK ANSARI,Allahabad
88,NEHA  CHAUHAN,Hyderabad
89,UNKNOWN,Chennai
90,GAURAV FERNANDES,Vadodara
91,UNKNOWN,Lucknow
92,AMIT  SHEIKH,Vijayawada
93,SARA ANSARI,Mumbai
94,RAHUL KHANNA,Allahabad
95,AMIT  JOSHI,Gurgaon
96,KABIR GOWDA,Rajkot
97,DEEPAK TAYLOR,Chennai
98,NOAH BOSE,Faridabad
99,HARSH SINGH,Jaipur
100,UNKNOWN,Allahabad
101,KOMAL YADAV,Jodhpur
102,DEV VERMA,Vijayawada
103,ARJUN REDDY,Gurgaon
104,SURESH MALHOTRA,Ranchi
105,NEHA  YADAV,Mumbai
106,POOJA GOWDA,Tirupati
107,UNKNOWN,Bhopal
108,MANISH MISHRA,Ahmedabad
109,MAHESH KHAN,Kochi
110,SURESH DAS,Chennai
111,TARA TAYLOR,Kozhikode
112,RHEA TRIPATHI,Bengaluru
113,TARA TAYLOR,Delhi
114,ZOYA BROWN,Chennai
115,NOAH ANDERSON,Ludhiana
116,KOMAL FERNANDES,Hyderabad
117,PETER MEHTA,Mysore
118,UNKNOWN,Allahabad
119,UNKNOWN,Mumbai
120,AMIT VERMA,Lucknow
121,ZOYA AGARWAL,Surat
122,KOMAL THOMPSON,Howrah
123,GAURAV SINGH,Nagpur
124,ROHIT KHANNA,Salem
125,AMAN DAS,Vadodara
126,RHEA BOSE,Hyderabad
127,SNEHA GUPTA,Bengaluru
128,VIHAAN SHEIKH,Aurangabad
129,EMMA BROWN,Unknown
130,ISHAAN JOSHI,Jodhpur
131,NOAH MISHRA,Salem
132,UNKNOWN,Unknown
133,DEV TRIPATHI,Thrissur
134,ASHA ROY,Bengaluru
135,JAMES FERNANDES,Varanasi
136,RHEA CHAUHAN,Agra
137,AMAN MEHTA,Indore
138,DAVID CHAUHAN,Nashik
139,UNKNOWN,Kochi
140,UNKNOWN,Delhi
141,JOHN THAKUR,Mumbai
142,UNKNOWN,Aurangabad
143,UNKNOWN,Jodhpur
144,SNEHA  THAKUR,Thrissur
145,ANITA MALHOTRA,Indore
146,TARA ANDERSON,Bhopal
147,PRIYA GOWDA,Indore
148,KOMAL ANDERSON,Nagpur
149,RHEA SINGH,Lucknow
150,DAVID  AGARWAL,Noida
151,KABIR TAYLOR,Kochi
152,UNKNOWN,Varanasi
153,PETER TRIPATHI,Indore
154,KAVITA GUPTA,Kochi
155,PETER MISHRA,Jodhpur
156,MAHESH GUPTA,Ludhiana
157,UNKNOWN,Hyderabad
158,SOPHIA GOWDA,Thrissur
159,UNKNOWN,Jodhpur
160,UNKNOWN,Hyderabad
161,SNEHA ANSARI,Allahabad
162,JAMES PATEL,Nagpur
163,POOJA BROWN,Chennai
164,UNKNOWN,Hyderabad
165,NOAH AGARWAL,Salem
166,RANI THAKUR,Unknown
167,ISHAAN  THOMPSON,Vadodara
168,UNKNOWN,Faridabad
169,DEEPAK GOWDA,Delhi
170,UNKNOWN,Delhi
171,KOMAL NAIDU,Unknown
172,UNKNOWN,Kozhikode
173,JOHN GUPTA,Surat
174,NEHA MEHTA,Aurangabad
175,UNKNOWN,Agra
176,UNKNOWN,Gurgaon
177,UNKNOWN,Delhi
178,UNKNOWN,Noida
179,SURESH  ANDERSON,Howrah
180,MANISH JOSHI,Varanasi
181,KOMAL DSOUZA,Vijayawada
182,SHIVAM  TRIPATHI,Kolkata
183,SIDDHARTH THOMPSON,Varanasi
184,SOPHIA MISHRA,Mumbai
185,SARA  TAYLOR,Vijayawada
186,VIKAS  TAYLOR,Hyderabad
187,ANITA  THAKUR,Gurgaon
188,UNKNOWN,Ranchi
189,VIHAAN BROWN,Mumbai
190,PRIYA GOWDA,Gwalior
191,VIKAS WILLIAMS,Noida
192,PRIYA MEHTA,Kanpur
193,JAMES DAS,Mumbai
194,DAVID KHANNA,Salem
195,VIHAAN JOHNSON,Bhopal
196,ASHA  MALHOTRA,Faridabad
197,OLIVIA BROWN,Hyderabad
198,UNKNOWN,Hyderabad
199,AMAN THOMPSON,Coimbatore
200,DAVID  THOMPSON,Chandigarh
201,JAMES  GUPTA,Jaipur
202,NEHA KHAN,Varanasi
203,KOMAL DAS,Unknown
204,SOPHIA THAKUR,Mysore
205,UNKNOWN,Madurai
206,OLIVIA  ANSARI,Delhi
207,LIAM TRIPATHI,Thrissur
208,ASHA ANSARI,Patna
209,SARA CLARK,Gurgaon
210,UNKNOWN,Patna
211,JAMES KHAN,Meerut
212,NEHA TAYLOR,Agra
213,PETER NAIDU,Visakhapatnam
214,UNKNOWN,Vijayawada
215,UNKNOWN,Allahabad
216,ARJUN  NAIDU,Chennai
217,SHIVAM AGARWAL,Gurgaon
218,UNKNOWN,Indore
219,OLIVIA WILLIAMS,Indore
220,LIAM GOWDA,Indore
221,AMAN YADAV,Faridabad
222,OLIVIA  DSOUZA,Surat
223,AMAN MISHRA,Thane
224,RAHUL TAYLOR,Delhi
225,ANAYA FERNANDES,Dhanbad
226,RAHUL  MISHRA,Ghaziabad
227,SIDDHARTH MEHTA,Jabalpur
228,NOAH TIWARI,Gurgaon
229,EMMA SHEIKH,Tirupati
230,SOPHIA DAS,Nashik
231,VIHAAN MISHRA,Hyderabad
232,KAVITA ROY,Bhopal
233,SOPHIA ROY,Chennai
234,UNKNOWN,Salem
235,UNKNOWN,Thrissur
236,YASH TAYLOR,Agra
237,UNKNOWN,Jodhpur
238,ASHA MISHRA,Gwalior
239,KOMAL ROY,Jabalpur
240,ANITA  GOWDA,Tirupati
241,EMMA KHANNA,Tirupati
242,MARIA ROY,Allahabad
243,ARJUN   KAPOOR,Rajkot
244,ANITA  TRIPATHI,Salem
245,ASHA PATEL,Patna
246,SIDDHARTH VERMA,Kozhikode
247,PRIYA VERMA,Meerut
248,RAHUL MEHTA,Varanasi
249,JAMES ROY,Gurgaon
250,ZOYA GOWDA,Bengaluru
251,KAVITA MISHRA,Patna
252,VIVEK TAYLOR,Coimbatore
253,SURESH DSOUZA,Bhopal
254,DAVID BOSE,Amritsar
255,POOJA PATEL,Rajkot
256,KOMAL CLARK,Vijayawada
257,ZOYA CLARK,Jaipur
258,ASHA KHAN,Thane
259,DAVID  KAPOOR,Thrissur
260,LIAM PATEL,Srinagar
261,KAVITA KHANNA,Dhanbad
262,MAHESH BOSE,Mumbai
263,SARA JOSHI,Kanpur
264,NEHA TRIPATHI,Jabalpur
265,UNKNOWN,Meerut
266,EMMA  THOMPSON,Patna
267,UNKNOWN,Hyderabad
268,JOHN SHEIKH,Faridabad
269,KAVITA  GOWDA,Madurai
270,SARA THOMPSON,Patna
271,SOPHIA KHAN,Unknown
272,EMMA ANDERSON,Hyderabad
273,ZOYA GUPTA,Hyderabad
274,VIKAS GUPTA,Hyderabad
275,ZOYA REDDY,Jodhpur
276,DAVID SHARMA,Srinagar
277,MEERA SHARMA,Pune
278,JOHN ANDERSON,Hyderabad
279,AMIT  KAPOOR,Hyderabad
280,LIAM  VERMA,Amritsar
281,KOMAL GOWDA,Delhi
282,HARSH TRIPATHI,Kanpur
283,VIVEK JOSHI,Kochi
284,NOAH YADAV,Kozhikode
285,GAURAV  DUTTA,Mumbai
286,SURESH  ANDERSON,Thrissur
287,VIHAAN JOHNSON,Amritsar
288,DAVID TIWARI,Patna
289,UNKNOWN,Bengaluru
290,FARHAN CLARK,Delhi
291,KABIR SHEIKH,Ghaziabad
292,DEV REDDY,Amritsar
293,UNKNOWN,Bengaluru
294,DEEPAK JOHNSON,Vijayawada
295,UNKNOWN,Jodhpur
296,UNKNOWN,Delhi
297,SIDDHARTH DAS,Chennai
298,UNKNOWN,Coimbatore
299,PETER PATEL,Surat
300,AMIT GOWDA,Mumbai
301,SNEHA  CHAUHAN,Coimbatore
302,DAVID FERNANDES,Lucknow
303,VIHAAN JAIN,Hyderabad
304,UNKNOWN,Madurai
305,AMAN WILLIAMS,Kochi
306,VIVEK THAKUR,Varanasi
307,PRIYA  TRIPATHI,Srinagar
308,KAVITA BROWN,Patna
309,YASH TRIPATHI,Rajkot
310,VIKAS YADAV,Kanpur
311,ANAYA  TRIPATHI,Visakhapatnam
312,JAMES ANDERSON,Rajkot
313,UNKNOWN,Aurangabad
314,DEEPAK MEHTA,Tirupati
315,SOPHIA SHEIKH,Aurangabad
316,KABIR ROY,Dhanbad
317,MEERA  BROWN,Aurangabad
318,ROHIT SHEIKH,Tirupati
319,DAVID MALHOTRA,Kolkata
320,DEV PATEL,Faridabad
321,UNKNOWN,Thrissur
322,SOPHIA THOMPSON,Dhanbad
323,SOPHIA MISHRA,Surat
324,UNKNOWN,Gwalior
325,FARHAN  AGARWAL,Ahmedabad
326,DEV KHANNA,Chandigarh
327,SHIVAM TRIPATHI,Chennai
328,SURESH  SHARMA,Delhi
329,DEEPAK SINGH,Hyderabad
330,SARA SINGH,Bhopal
331,VIKAS  NAIDU,Ludhiana
332,SIDDHARTH  ROY,Tirupati
333,MAHESH THOMPSON,Lucknow
334,RAHUL JOHNSON,Mysore
335,ROHIT VERMA,Ludhiana
336,KOMAL SHEIKH,Patna
337,SHIVAM KHAN,Coimbatore
338,SURESH MISHRA,Tirupati
339,SARA DAS,Faridabad
340,RHEA  MALHOTRA,Tirupati
341,ROHIT  ANSARI,Chennai
342,SHIVAM GOWDA,Ludhiana
343,ISHAAN DUTTA,Lucknow
344,POOJA VERMA,Nashik
345,VIVEK MISHRA,Tirupati
346,NOAH TAYLOR,Dhanbad
347,PRIYA TRIPATHI,Patna
348,SURESH  ROY,Aurangabad
349,SIDDHARTH  ROY,Chandigarh
350,KAVITA JOHNSON,Kochi
351,UNKNOWN,Jaipur
352,DAVID  JOSHI,Thrissur
353,VIHAAN DUTTA,Amritsar
354,VIHAAN GUPTA,Kolkata
355,PETER YADAV,Kochi
356,PETER MISHRA,Jodhpur
357,SNEHA THOMPSON,Varanasi
358,DAVID JOSHI,Kozhikode
359,UNKNOWN,Dhanbad
360,UNKNOWN,Ranchi
361,PETER JOHNSON,Mysore
362,UNKNOWN,Chandigarh
363,ZOYA  SHARMA,Nagpur
364,SOPHIA  KAPOOR,Noida
365,ZOYA MISHRA,Nagpur
366,RHEA GUPTA,Howrah
367,DEEPAK VERMA,Pune
368,ZOYA JOSHI,Amritsar
369,AMAN NAIDU,Ghaziabad
370,AMAN KHAN,Srinagar
371,PRIYA DAS,Indore
372,UNKNOWN,Visakhapatnam
373,UNKNOWN,Delhi
374,KOMAL NAIDU,Chennai
375,DEV PATEL,Dhanbad
376,SOPHIA JAIN,Bhopal
377,ZOYA DAS,Kolkata
378,AMIT WILLIAMS,Patna
379,PRIYA MALHOTRA,Kochi
380,POOJA MEHTA,Jabalpur
381,UNKNOWN,Indore
382,SIDDHARTH MISHRA,Bengaluru
383,UNKNOWN,Mumbai
384,UNKNOWN,Aurangabad
385,UNKNOWN,Bhopal
386,UNKNOWN,Chandigarh
387,SIDDHARTH  KAPOOR,Bengaluru
388,UNKNOWN,Mumbai
389,EMMA  YADAV,Gwalior
390,MEERA MEHTA,Mumbai
391,UNKNOWN,Unknown
392,UNKNOWN,Indore
393,ANITA PATEL,Bhopal
394,SNEHA TIWARI,Nagpur
395,ASHA  PATEL,Bhopal
396,SIDDHARTH JOHNSON,Jaipur
397,ARJUN GOWDA,Kochi
398,SHIVAM  MALHOTRA,Gwalior
399,RAHUL CHAUHAN,Mumbai
400,SIDDHARTH MEHTA,Meerut
401,ZOYA CHAUHAN,Jodhpur
402,UNKNOWN,Mumbai
403,LIAM  SHEIKH,Jodhpur
404,UNKNOWN,Rajkot
405,VIVEK ROY,Kolkata
406,POOJA  ANSARI,Nashik
407,OLIVIA JAIN,Srinagar
408,KAVITA  REDDY,Nagpur
409,UNKNOWN,Gwalior
410,UNKNOWN,Bengaluru
411,RAHUL ANDERSON,Agra
412,POOJA FERNANDES,Nashik
413,UNKNOWN,Mumbai
414,SIDDHARTH WILLIAMS,Unknown
415,MAHESH THOMPSON,Allahabad
416,EMMA  JAIN,Thrissur
417,MANISH SINGH,Hyderabad
418,GAURAV FERNANDES,Mumbai
419,JAMES PATEL,Ahmedabad
420,VIVEK THAKUR,Delhi
421,SHIVAM GOWDA,Vijayawada
422,SURESH CLARK,Bengaluru
423,VIVEK ANSARI,Faridabad
424,HARSH MEHTA,Varanasi
425,JOHN JAIN,Salem
426,ASHA  TAYLOR,Allahabad
427,OLIVIA JOHNSON,Jaipur
428,DEV ROY,Patna
429,OLIVIA PATEL,Varanasi
430,UNKNOWN,Tirupati
431,UNKNOWN,Faridabad
432,FARHAN  KAPOOR,Delhi
433,LIAM PATEL,Meerut
434,AMIT THAKUR,Nagpur
435,OLIVIA GUPTA,Kolkata
436,OLIVIA SINGH,Chandigarh
437,KABIR VERMA,Thrissur
438,ZOYA WILLIAMS,Ghaziabad
439,ANAYA ROY,Lucknow
440,MANISH DAS,Bengaluru
441,KABIR SINGH,Unknown
442,NOAH BROWN,Chennai
443,GAURAV JAIN,Pune
444,EMMA  CHAUHAN,Vijayawada
445,DEV  MISHRA,Pune
446,VIHAAN YADAV,Bengaluru
447,AMAN VERMA,Delhi
448,ZOYA AGARWAL,Agra
449,ZOYA TAYLOR,Delhi
450,DAVID WILLIAMS,Ranchi
451,KAVITA TIWARI,Pune
452,SIDDHARTH DAS,Unknown
453,JAMES VERMA,Pune
454,JAMES ANSARI,Ghaziabad
455,ARJUN DUTTA,Howrah
456,NOAH ANSARI,Hyderabad
457,DEV DSOUZA,Chennai
458,UNKNOWN,Mumbai
459,ANITA CLARK,Indore
460,ZOYA KHAN,Nashik
461,JOHN  KAPOOR,Unknown
462,SIDDHARTH SHEIKH,Pune
463,PRIYA WILLIAMS,Thane
464,SARA NAIDU,Nagpur
465,JOHN DAS,Delhi
466,UNKNOWN,Patna
467,VIKAS AGARWAL,Vijayawada
468,HARSH REDDY,Amritsar
469,HARSH REDDY,Ranchi
470,POOJA JOSHI,Patna
471,NOAH KHANNA,Kochi
472,SIDDHARTH MEHTA,Ludhiana
473,MAHESH DSOUZA,Kanpur
474,SNEHA WILLIAMS,Amritsar
475,JAMES  BROWN,Srinagar
476,ANAYA CHAUHAN,Kolkata
477,SOPHIA  NAIDU,Madurai
478,RAHUL WILLIAMS,Mumbai
479,UNKNOWN,Visakhapatnam
480,LIAM DSOUZA,Mumbai
481,UNKNOWN,Amritsar
482,RAHUL MISHRA,Delhi
483,MAHESH THOMPSON,Hyderabad
484,JOHN KHANNA,Kochi
485,VIVEK ANDERSON,Unknown
486,OLIVIA VERMA,Tirupati
487,SOPHIA ANDERSON,Rajkot
488,SURESH PATEL,Jodhpur
489,SOPHIA BOSE,Indore
490,AMIT THOMPSON,Chandigarh
491,TARA DUTTA,Mumbai
492,SARA BROWN,Dhanbad
493,UNKNOWN,Unknown
494,ARJUN TRIPATHI,Visakhapatnam
495,UNKNOWN,Kolkata
496,PRIYA BOSE,Gurgaon
497,ROHIT TRIPATHI,Coimbatore
498,OLIVIA  MEHTA,Aurangabad
499,NOAH  CLARK,Gwalior
500,UNKNOWN,Tirupati
501,UNKNOWN,Coimbatore
502,DEV THAKUR,Coimbatore
503,FARHAN  KAPOOR,Vadodara
504,JOHN BROWN,Varanasi
505,KAVITA  KAPOOR,Tirupati
506,NEHA DAS,Indore
507,JAMES KHANNA,Nagpur
508,ASHA YADAV,Meerut
509,TARA TRIPATHI,Delhi
510,UNKNOWN,Hyderabad
511,PETER SHARMA,Jodhpur
512,UNKNOWN,Surat
513,MANISH KHANNA,Rajkot
514,OLIVIA AGARWAL,Ludhiana
515,NEHA THOMPSON,Visakhapatnam
516,SNEHA CLARK,Nagpur
517,JAMES MALHOTRA,Kozhikode
518,JOHN REDDY,Pune
519,YASH GOWDA,Bengaluru
520,SIDDHARTH JOHNSON,Salem
521,KABIR CLARK,Jodhpur
522,VIVEK AGARWAL,Gwalior
523,VIHAAN CLARK,Vadodara
524,KOMAL  WILLIAMS,Aurangabad
525,SNEHA BROWN,Ranchi
526,UNKNOWN,Nagpur
527,FARHAN   KAPOOR,Indore
528,RHEA  TRIPATHI,Jaipur
529,DEV SHARMA,Kochi
530,ISHAAN SINGH,Delhi
531,AMAN MISHRA,Jodhpur
532,UNKNOWN,Dhanbad
533,FARHAN ANSARI,Pune
534,DEV  WILLIAMS,Aurangabad
535,LIAM TAYLOR,Meerut
536,PRIYA PATEL,Ahmedabad
537,FARHAN  BROWN,Jodhpur
538,DAVID BROWN,Unknown
539,UNKNOWN,Kolkata
540,PETER  KAPOOR,Gurgaon
541,GAURAV SHEIKH,Meerut
542,AMIT THAKUR,Mysore
543,SIDDHARTH TIWARI,Agra
544,ASHA SHEIKH,Kochi
545,PETER SHEIKH,Amritsar
546,PETER JOSHI,Mysore
547,RANI FERNANDES,Allahabad
548,SNEHA ANDERSON,Jabalpur
549,DEEPAK DUTTA,Ludhiana
550,VIKAS AGARWAL,Mumbai
551,FARHAN  BROWN,Thane
552,UNKNOWN,Meerut
553,SIDDHARTH KHANNA,Aurangabad
554,VIVEK SHEIKH,Indore
555,NEHA KHANNA,Kolkata
556,LIAM DUTTA,Chennai
557,JOHN SHEIKH,Ranchi
558,SURESH YADAV,Thane
559,DEEPAK SHEIKH,Pune
560,ANAYA  ANSARI,Gurgaon
561,SHIVAM WILLIAMS,Gwalior
562,DEV KHANNA,Nagpur
563,SIDDHARTH VERMA,Thane
564,UNKNOWN,Hyderabad
565,LIAM BOSE,Amritsar
566,DAVID VERMA,Allahabad
567,RHEA BROWN,Lucknow
568,UNKNOWN,Patna
569,DAVID  YADAV,Hyderabad
570,UNKNOWN,Hyderabad
571,POOJA DAS,Noida
572,DEEPAK  SHARMA,Faridabad
573,UNKNOWN,Vijayawada
574,YASH JOHNSON,Hyderabad
575,UNKNOWN,Jaipur
576,RHEA  PATEL,Kozhikode
577,MANISH PATEL,Jaipur
578,UNKNOWN,Gurgaon
579,SHIVAM JAIN,Ludhiana
580,ROHIT VERMA,Srinagar
581,HARSH JOSHI,Bhopal
582,UNKNOWN,Tirupati
583,PRIYA DUTTA,Ahmedabad
584,DEV  THOMPSON,Unknown
585,DEEPAK ANSARI,Pune
586,YASH AGARWAL,Madurai
587,OLIVIA SHARMA,Thrissur
588,HARSH SHARMA,Bhopal
589,ANAYA KHAN,Visakhapatnam
590,MAHESH JOHNSON,Kolkata
591,SOPHIA TAYLOR,Mysore
592,FARHAN DSOUZA,Varanasi
593,FARHAN MALHOTRA,Nashik
594,EMMA  AGARWAL,Varanasi
595,JOHN  SINGH,Ludhiana
596,ANITA  DUTTA,Vadodara
597,ISHAAN JOSHI,Aurangabad
598,SNEHA ROY,Kozhikode
599,KOMAL VERMA,Jaipur
600,MARIA TIWARI,Thrissur
601,OLIVIA BOSE,Gwalior
602,SHIVAM DAS,Dhanbad
603,PRIYA SHARMA,Jaipur
604,TARA REDDY,Mysore
605,TARA  SINGH,Thane
606,ASHA DSOUZA,Hyderabad
607,UNKNOWN,Varanasi
608,MARIA TRIPATHI,Jabalpur
609,ROHIT  MISHRA,Kozhikode
610,GAURAV TAYLOR,Meerut
611,RHEA ANSARI,Lucknow
612,ARJUN REDDY,Hyderabad
613,ASHA WILLIAMS,Hyderabad
614,FARHAN JOHNSON,Dhanbad
615,JAMES TAYLOR,Ludhiana
616,ROHIT ANDERSON,Patna
617,ISHAAN MALHOTRA,Gurgaon
618,MANISH SHEIKH,Aurangabad
619,UNKNOWN,Faridabad
620,OLIVIA DAS,Thane
621,NEHA REDDY,Indore
622,PETER YADAV,Kozhikode
623,MEERA PATEL,Rajkot
624,SOPHIA WILLIAMS,Ghaziabad
625,RAHUL CLARK,Nashik
626,JOHN KHAN,Delhi
627,EMMA BOSE,Ahmedabad
628,HARSH SHEIKH,Faridabad
629,RHEA GUPTA,Delhi
630,VIHAAN KHAN,Kochi
631,ANITA TRIPATHI,Bhopal
632,ASHA  KAPOOR,Ghaziabad
633,NEHA TIWARI,Patna
634,AMAN PATEL,Dhanbad
635,MANISH CLARK,Bengaluru
636,TARA MISHRA,Thrissur
637,JOHN CLARK,Ranchi
638,MEERA SINGH,Jabalpur
639,GAURAV CLARK,Nashik
640,AMAN JOHNSON,Ghaziabad
641,UNKNOWN,Howrah
642,DAVID BROWN,Unknown
643,KAVITA ROY,Agra
644,UNKNOWN,Nagpur
645,GAURAV DAS,Chennai
646,GAURAV WILLIAMS,Bhopal
647,UNKNOWN,Howrah
648,UNKNOWN,Patna
649,OLIVIA TIWARI,Kanpur
650,FARHAN GUPTA,Mumbai
651,TARA  SINGH,Salem
652,ISHAAN VERMA,Jodhpur
653,MAHESH BOSE,Tirupati
654,MANISH SHARMA,Allahabad
655,NEHA ANSARI,Unknown
656,UNKNOWN,Bhopal
657,UNKNOWN,Ludhiana
658,RAHUL GUPTA,Nagpur
659,UNKNOWN,Madurai
660,SNEHA  TAYLOR,Ludhiana
661,NEHA FERNANDES,Howrah
662,UNKNOWN,Gwalior
663,PETER JAIN,Vadodara
664,FARHAN WILLIAMS,Jabalpur
665,SHIVAM CHAUHAN,Delhi
666,ANITA ROY,Rajkot
667,OLIVIA TAYLOR,Varanasi
668,NEHA  BROWN,Indore
669,UNKNOWN,Ranchi
670,UNKNOWN,Amritsar
671,SOPHIA TIWARI,Visakhapatnam
672,VIKAS THAKUR,Unknown
673,ASHA SINGH,Mysore
674,TARA KHAN,Ahmedabad
675,RHEA GOWDA,Rajkot
676,SHIVAM  SINGH,Kozhikode
677,NOAH TAYLOR,Kolkata
678,DEV  SINGH,Pune
679,MAHESH  KHANNA,Madurai
680,HARSH CLARK,Amritsar
681,ANAYA  MALHOTRA,Madurai
682,MEERA GOWDA,Vadodara
683,OLIVIA FERNANDES,Jaipur
684,HARSH TIWARI,Agra
685,UNKNOWN,Thane
686,JOHN JOHNSON,Pune
687,UNKNOWN,Chandigarh
688,DEEPAK TAYLOR,Kolkata
689,ZOYA  REDDY,Agra
690,SURESH  ROY,Mumbai
691,MEERA SHARMA,Hyderabad
692,GAURAV NAIDU,Kochi
693,RAHUL BROWN,Kanpur
694,ANITA JAIN,Jabalpur
695,OLIVIA  KAPOOR,Delhi
696,KAVITA  THAKUR,Madurai
697,VIKAS  MEHTA,Gurgaon
698,SIDDHARTH DUTTA,Bhopal
699,KOMAL REDDY,Hyderabad
700,NOAH GUPTA,Rajkot
701,SARA SHEIKH,Nagpur
702,SIDDHARTH MISHRA,Vadodara
703,RANI THAKUR,Gwalior
704,SURESH REDDY,Noida
705,SIDDHARTH MALHOTRA,Mumbai
706,JOHN  THAKUR,Delhi
707,EMMA GOWDA,Dhanbad
708,JAMES THOMPSON,Kozhikode
709,UNKNOWN,Visakhapatnam
710,ANAYA FERNANDES,Amritsar
711,OLIVIA  NAIDU,Noida
712,MEERA KHAN,Varanasi
713,ISHAAN  NAIDU,Noida
714,JOHN  TIWARI,Delhi
715,HARSH AGARWAL,Srinagar
716,SNEHA SINGH,Kanpur
717,SIDDHARTH  CLARK,Ghaziabad
718,SURESH YADAV,Dhanbad
719,SHIVAM AGARWAL,Aurangabad
720,ANAYA KHANNA,Nashik
721,HARSH TIWARI,Ranchi
722,YASH CLARK,Madurai
723,UNKNOWN,Thrissur
724,ZOYA BROWN,Rajkot
725,SNEHA SHEIKH,Coimbatore
726,HARSH PATEL,Mumbai
727,KABIR DSOUZA,Kanpur
728,UNKNOWN,Kanpur
729,FARHAN BOSE,Ludhiana
730,UNKNOWN,Chennai
731,UNKNOWN,Pune
732,NEHA WILLIAMS,Chandigarh
733,ASHA KHAN,Hyderabad
734,EMMA FERNANDES,Madurai
735,UNKNOWN,Ranchi
736,NOAH GUPTA,Faridabad
737,FARHAN JAIN,Allahabad
738,SURESH JAIN,Vadodara
739,KOMAL REDDY,Mumbai
740,UNKNOWN,Nagpur
741,AMIT ANSARI,Hyderabad
742,UNKNOWN,Madurai
743,LIAM YADAV,Vijayawada
744,KAVITA KHANNA,Salem
745,JOHN CLARK,Ludhiana
746,KABIR VERMA,Bhopal
747,NOAH KHANNA,Meerut
748,MAHESH GOWDA,Kolkata
749,MARIA FERNANDES,Meerut
750,SOPHIA TRIPATHI,Rajkot
751,MANISH TRIPATHI,Kozhikode
752,ZOYA MALHOTRA,Pune
753,SOPHIA DUTTA,Howrah
754,PETER KHAN,Hyderabad
755,PETER DAS,Surat
756,SNEHA ANSARI,Ahmedabad
757,SHIVAM CHAUHAN,Ranchi
758,TARA NAIDU,Bengaluru
759,TARA SINGH,Delhi
760,ANAYA WILLIAMS,Gwalior
761,SOPHIA ROY,Jodhpur
762,RANI JAIN,Allahabad
763,AMAN NAIDU,Jabalpur
764,SNEHA FERNANDES,Howrah
765,RHEA PATEL,Unknown
766,MANISH THOMPSON,Hyderabad
767,ROHIT AGARWAL,Unknown
768,DAVID ANDERSON,Thane
769,SNEHA THOMPSON,Howrah
770,KOMAL DAS,Allahabad
771,TARA  KHANNA,Kanpur
772,VIVEK THOMPSON,Pune
773,DEV FERNANDES,Allahabad
774,MARIA VERMA,Ahmedabad
775,JAMES  KAPOOR,Surat
776,PETER SINGH,Madurai
777,ZOYA DSOUZA,Visakhapatnam
778,UNKNOWN,Bhopal
779,ANITA REDDY,Agra
780,AMIT  ANSARI,Howrah
781,MANISH  PATEL,Visakhapatnam
782,SNEHA JOSHI,Delhi
783,DEEPAK JAIN,Mumbai
784,POOJA TRIPATHI,Nashik
785,VIVEK  ROY,Ludhiana
786,AMIT  JOHNSON,Gurgaon
787,UNKNOWN,Bengaluru
788,UNKNOWN,Mumbai
789,SHIVAM MALHOTRA,Meerut
790,RAHUL BROWN,Varanasi
791,HARSH GOWDA,Unknown
792,ROHIT JOHNSON,Howrah
793,NEHA THAKUR,Mumbai
794,ROHIT SHARMA,Mumbai
795,ASHA  KHANNA,Allahabad
796,UNKNOWN,Amritsar
797,UNKNOWN,Pune
798,RHEA ROY,Jodhpur
799,RAHUL SINGH,Hyderabad
800,DAVID JOSHI,Visakhapatnam
801,YASH VERMA,Ahmedabad
802,ZOYA GUPTA,Ahmedabad
803,NEHA CLARK,Hyderabad
804,ZOYA BROWN,Thrissur
805,ANITA THOMPSON,Tirupati
806,AMAN BROWN,Gurgaon
807,JOHN REDDY,Nagpur
808,ARJUN DUTTA,Gwalior
809,ISHAAN SHARMA,Allahabad
810,ANAYA DSOUZA,Allahabad
811,YASH AGARWAL,Amritsar
812,ANAYA MISHRA,Hyderabad
813,YASH AGARWAL,Agra
814,ASHA  VERMA,Surat
815,OLIVIA NAIDU,Coimbatore
816,MANISH SHARMA,Faridabad
817,UNKNOWN,Bhopal
818,SURESH TAYLOR,Hyderabad
819,ANAYA NAIDU,Gwalior
820,ARJUN BOSE,Lucknow
821,LIAM FERNANDES,Delhi
822,UNKNOWN,Rajkot
823,RAHUL THAKUR,Pune
824,JOHN MEHTA,Ahmedabad
825,AMIT REDDY,Surat
826,VIHAAN THOMPSON,Thrissur
827,UNKNOWN,Srinagar
828,SHIVAM BROWN,Surat
829,UNKNOWN,Jodhpur
830,KOMAL ANSARI,Agra
831,SURESH DUTTA,Kolkata
832,HARSH NAIDU,Kochi
833,RANI TRIPATHI,Kanpur
834,LIAM MEHTA,Coimbatore
835,SIDDHARTH JOSHI,Kozhikode
836,AMAN  GOWDA,Amritsar
837,POOJA  WILLIAMS,Delhi
838,UNKNOWN,Mumbai
839,GAURAV YADAV,Jodhpur
840,VIVEK TRIPATHI,Hyderabad
841,ARJUN ROY,Srinagar
842,ROHIT BOSE,Hyderabad
843,MARIA  DSOUZA,Dhanbad
844,SARA TRIPATHI,Jabalpur
845,SHIVAM THAKUR,Jaipur
846,YASH DSOUZA,Ranchi
847,GAURAV NAIDU,Bhopal
848,UNKNOWN,Aurangabad
849,MAHESH JOSHI,Nagpur
850,NOAH ROY,Ludhiana
851,PRIYA ANSARI,Visakhapatnam
852,KOMAL CLARK,Thrissur
853,KABIR  JOSHI,Meerut
854,ZOYA  TIWARI,Nagpur
855,TARA DUTTA,Vadodara
856,JAMES  KHAN,Madurai
857,KABIR ROY,Pune
858,RHEA GOWDA,Hyderabad
859,KOMAL ANDERSON,Noida
860,POOJA GOWDA,Unknown
861,UNKNOWN,Srinagar
862,AMAN  ANDERSON,Kochi
863,NOAH PATEL,Jodhpur
864,UNKNOWN,Indore
865,MANISH TAYLOR,Jaipur
866,ANITA GOWDA,Jaipur
867,AMAN GUPTA,Howrah
868,MAHESH TAYLOR,Pune
869,DAVID YADAV,Thrissur
870,RAHUL SHARMA,Bengaluru
871,MARIA  TAYLOR,Mumbai
872,PETER CLARK,Varanasi
873,ASHA YADAV,Pune
874,AMIT SHARMA,Madurai
875,DAVID BROWN,Visakhapatnam
876,VIVEK WILLIAMS,Jaipur
877,EMMA  AGARWAL,Jodhpur
878,OLIVIA  TAYLOR,Ludhiana
879,UNKNOWN,Delhi
880,UNKNOWN,Vadodara
881,DAVID SINGH,Mumbai
882,PETER BOSE,Kanpur
883,EMMA GUPTA,Gwalior
884,MARIA TIWARI,Bhopal
885,MAHESH VERMA,Howrah
886,NEHA SINGH,Faridabad
887,UNKNOWN,Hyderabad
888,OLIVIA MEHTA,Jodhpur
889,MEERA TIWARI,Ranchi
890,MEERA MALHOTRA,Ranchi
891,NOAH KHANNA,Howrah
892,SURESH BOSE,Aurangabad
893,NOAH CLARK,Jaipur
894,UNKNOWN,Thrissur
895,UNKNOWN,Mumbai
896,OLIVIA JOHNSON,Bengaluru
897,TARA JOSHI,Surat
898,RAHUL ANDERSON,Dhanbad
899,SIDDHARTH NAIDU,Chandigarh
900,UNKNOWN,Amritsar
901,UNKNOWN,Mysore
902,VIKAS JOSHI,Rajkot
903,POOJA VERMA,Delhi
904,ISHAAN SINGH,Vadodara
905,KOMAL  SHARMA,Gurgaon
906,UNKNOWN,Noida
907,MAHESH  DUTTA,Ludhiana
908,KABIR ROY,Hyderabad
909,ISHAAN JAIN,Nashik
910,SOPHIA SHARMA,Delhi
911,OLIVIA YADAV,Thrissur
912,JOHN VERMA,Patna
913,AMAN MALHOTRA,Mumbai
914,ISHAAN GUPTA,Delhi
915,KABIR CLARK,Meerut
916,ANITA DUTTA,Bengaluru
917,KAVITA REDDY,Kanpur
918,DAVID WILLIAMS,Mumbai
919,MARIA  KAPOOR,Coimbatore
920,UNKNOWN,Hyderabad
921,EMMA  MALHOTRA,Visakhapatnam
922,JOHN CHAUHAN,Pune
923,KAVITA DAS,Ghaziabad
924,PETER KHAN,Kanpur
925,UNKNOWN,Kolkata
926,YASH DSOUZA,Ranchi
927,ANITA JOHNSON,Chandigarh
928,GAURAV KHANNA,Vadodara
929,MEERA WILLIAMS,Jabalpur
930,AMAN  JAIN,Delhi
931,UNKNOWN,Gwalior
932,GAURAV SHARMA,Meerut
933,ISHAAN JOSHI,Faridabad
934,ZOYA JOHNSON,Noida
935,NEHA CLARK,Tirupati
936,POOJA YADAV,Mumbai
937,NOAH WILLIAMS,Meerut
938,UNKNOWN,Mysore
939,FARHAN ANDERSON,Hyderabad
940,DAVID GUPTA,Aurangabad
941,SNEHA GUPTA,Ludhiana
942,SHIVAM TAYLOR,Thane
943,UNKNOWN,Vadodara
944,SURESH JOSHI,Delhi
945,PETER MEHTA,Madurai
946,VIHAAN DUTTA,Ahmedabad
947,ARJUN  JOHNSON,Ahmedabad
948,RANI WILLIAMS,Meerut
949,KOMAL BOSE,Gurgaon
950,VIHAAN TAYLOR,Faridabad
951,JAMES TRIPATHI,Pune
952,RANI DAS,Mumbai
953,SNEHA DSOUZA,Jaipur
954,HARSH  SHEIKH,Vijayawada
955,JAMES ANSARI,Ghaziabad
956,UNKNOWN,Nagpur
957,KAVITA ANSARI,Thane
958,ZOYA SHEIKH,Patna
959,SHIVAM DUTTA,Visakhapatnam
960,EMMA  ROY,Gwalior
961,UNKNOWN,Pune
962,PETER SINGH,Delhi
963,ISHAAN MALHOTRA,Srinagar
964,SNEHA JOSHI,Dhanbad
965,UNKNOWN,Kochi
966,ARJUN PATEL,Ahmedabad
967,SARA  GOWDA,Ranchi
968,NEHA  DAS,Ranchi
969,KABIR DAS,Tirupati
970,MANISH MEHTA,Lucknow
971,VIHAAN REDDY,Aurangabad
972,AMIT DSOUZA,Indore
973,SIDDHARTH VERMA,Ahmedabad
974,PETER KHANNA,Howrah
975,EMMA ANDERSON,Surat
976,VIHAAN CLARK,Coimbatore
977,TARA JOHNSON,Indore
978,KOMAL ANDERSON,Meerut
979,MEERA  GUPTA,Tirupati
980,RANI  TIWARI,Ranchi
981,ARJUN KHANNA,Pune
982,ANITA THOMPSON,Agra
983,LIAM MALHOTRA,Rajkot
984,RAHUL MISHRA,Kozhikode
985,OLIVIA THOMPSON,Jaipur
986,POOJA FERNANDES,Howrah
987,OLIVIA DUTTA,Patna
988,FARHAN MISHRA,Amritsar
989,RHEA DSOUZA,Kozhikode
990,VIKAS  JOHNSON,Gurgaon
991,POOJA  WILLIAMS,Kochi
992,ARJUN ANDERSON,Delhi
993,MAHESH JOSHI,Thane
994,ZOYA NAIDU,Madurai
995,UNKNOWN,Visakhapatnam
996,NOAH JOHNSON,Noida
997,UNKNOWN,Tirupati
998,ANITA MEHTA,Kochi
999,SURESH ROY,Delhi
1000,PETER BROWN,Bhopal
1001,UNKNOWN,Jodhpur
1002,DEV DUTTA,Delhi
1003,NOAH  BROWN,Aurangabad
1004,NOAH PATEL,Noida
1005,DEEPAK ANSARI,Agra
1006,TARA PATEL,Ranchi
1007,NEHA TRIPATHI,Jodhpur
1008,UNKNOWN,Agra
1009,KOMAL SHARMA,Kanpur
1010,ZOYA THAKUR,Chandigarh
1011,AMAN YADAV,Ranchi
1012,KAVITA PATEL,Varanasi
1013,UNKNOWN,Nashik
1014,JAMES YADAV,Madurai
1015,VIHAAN MALHOTRA,Delhi
1016,DEEPAK BROWN,Gwalior
1017,DAVID SHARMA,Indore
1018,FARHAN NAIDU,Bhopal
1019,UNKNOWN,Amritsar
1020,UNKNOWN,Surat
1021,ASHA DSOUZA,Kolkata
1022,ZOYA ANSARI,Ranchi
1023,YASH CHAUHAN,Gurgaon
1024,UNKNOWN,Coimbatore
1025,FARHAN  WILLIAMS,Delhi
1026,SURESH MEHTA,Ranchi
1027,PETER YADAV,Thrissur
1028,UNKNOWN,Bhopal
1029,FARHAN THAKUR,Gurgaon
1030,ASHA  SHEIKH,Ahmedabad
1031,MANISH NAIDU,Ghaziabad
1032,ASHA KHAN,Kozhikode
1033,KOMAL THAKUR,Mysore
1034,ARJUN ANSARI,Rajkot
1035,PRIYA MISHRA,Vadodara
1036,KOMAL REDDY,Allahabad
1037,TARA ROY,Kochi
1038,POOJA REDDY,Tirupati
1039,PRIYA  NAIDU,Hyderabad
1040,NEHA CLARK,Mysore
1041,MANISH YADAV,Aurangabad
1042,TARA MALHOTRA,Varanasi
1043,KABIR BOSE,Surat
1044,RHEA DAS,Kanpur
1045,PRIYA SHEIKH,Tirupati
1046,HARSH SHARMA,Meerut
1047,UNKNOWN,Ahmedabad
1048,DAVID CLARK,Pune
1049,NOAH DUTTA,Ludhiana
1050,UNKNOWN,Visakhapatnam
1051,MARIA YADAV,Hyderabad
1052,NEHA DAS,Allahabad
1053,RANI THOMPSON,Mumbai
1054,JAMES YADAV,Patna
1055,RHEA KHAN,Kolkata
1056,PRIYA  CHAUHAN,Pune
1057,MAHESH BOSE,Salem
1058,NEHA  DUTTA,Jaipur
1059,RANI ROY,Gurgaon
1060,ASHA REDDY,Mumbai
1061,ZOYA DAS,Meerut
1062,MEERA YADAV,Chennai
1063,UNKNOWN,Varanasi
1064,UNKNOWN,Salem
1065,SIDDHARTH DSOUZA,Lucknow
1066,PRIYA YADAV,Madurai
1067,ISHAAN KHAN,Vijayawada
1068,POOJA KHAN,Lucknow
1069,UNKNOWN,Chennai
1070,ANITA JOHNSON,Ghaziabad
1071,ROHIT CHAUHAN,Mumbai
1072,ROHIT  ROY,Agra
1073,ANITA  JOSHI,Kanpur
1074,SURESH  SHEIKH,Noida
1075,MANISH  THAKUR,Madurai
1076,DAVID GOWDA,Howrah
1077,MAHESH  WILLIAMS,Kozhikode
1078,TARA GOWDA,Meerut
1079,UNKNOWN,Mumbai
1080,EMMA SHEIKH,Nashik
1081,MARIA BOSE,Dhanbad
1082,ASHA KHANNA,Aurangabad
1083,OLIVIA SHEIKH,Vadodara
1084,ZOYA  THAKUR,Kochi
1085,ANITA TAYLOR,Mumbai
1086,UNKNOWN,Jodhpur
1087,ARJUN  VERMA,Vadodara
1088,MARIA BOSE,Ghaziabad
1089,ASHA DSOUZA,Chandigarh
1090,SOPHIA MEHTA,Kanpur
1091,AMIT ANSARI,Bengaluru
1092,YASH  DSOUZA,Ahmedabad
1093,EMMA  REDDY,Kolkata
1094,SNEHA SHARMA,Bengaluru
1095,MANISH TAYLOR,Rajkot
1096,DAVID  THAKUR,Howrah
1097,MEERA WILLIAMS,Ludhiana
1098,UNKNOWN,Ranchi
1099,DEEPAK SHARMA,Coimbatore
1100,MARIA DUTTA,Chandigarh
1101,EMMA SINGH,Meerut
1102,YASH CHAUHAN,Noida
1103,MEERA  GOWDA,Allahabad
1104,YASH DAS,Bhopal
1105,ASHA  NAIDU,Coimbatore
1106,AMAN VERMA,Patna
1107,UNKNOWN,Thrissur
1108,ZOYA  KAPOOR,Noida
1109,EMMA MISHRA,Kozhikode
1110,MAHESH JAIN,Kolkata
1111,MANISH CLARK,Jaipur
1112,VIVEK NAIDU,Faridabad
1113,UNKNOWN,Jodhpur
1114,SNEHA YADAV,Varanasi
1115,KAVITA ANDERSON,Jabalpur
1116,UNKNOWN,Kochi
1117,MANISH THOMPSON,Amritsar
1118,HARSH BOSE,Howrah
1119,POOJA  CHAUHAN,Nagpur
1120,DEEPAK GUPTA,Chandigarh
1121,MAHESH VERMA,Chandigarh
1122,SHIVAM KHANNA,Patna
1123,RANI TIWARI,Delhi
1124,NEHA  WILLIAMS,Mysore
1125,YASH  MALHOTRA,Meerut
1126,ISHAAN BOSE,Jabalpur
1127,UNKNOWN,Gwalior
1128,SURESH  TRIPATHI,Thane
1129,KAVITA YADAV,Pune
1130,PRIYA CHAUHAN,Aurangabad
1131,KOMAL BOSE,Hyderabad
1132,UNKNOWN,Vijayawada
1133,PETER BROWN,Howrah
1134,UNKNOWN,Lucknow
1135,UNKNOWN,Ludhiana
1136,KOMAL VERMA,Aurangabad
1137,OLIVIA TIWARI,Tirupati
1138,UNKNOWN,Kochi
1139,SHIVAM SINGH,Kolkata
1140,SOPHIA KHAN,Pune
1141,JAMES MISHRA,Thane
1142,JAMES SINGH,Madurai
1143,KAVITA REDDY,Gurgaon
1144,TARA DAS,Indore
1145,RANI  DUTTA,Unknown
1146,VIKAS CLARK,Coimbatore
1147,ANAYA VERMA,Patna
1148,UNKNOWN,Jaipur
1149,JOHN DSOUZA,Chandigarh
1150,ANITA TRIPATHI,Ghaziabad
1151,UNKNOWN,Indore
1152,ARJUN MALHOTRA,Agra
1153,YASH PATEL,Salem
1154,LIAM REDDY,Gurgaon
1155,VIKAS JOSHI,Allahabad
1156,VIKAS YADAV,Bhopal
1157,KOMAL BOSE,Mumbai
1158,MAHESH SHEIKH,Tirupati
1159,SARA THAKUR,Allahabad
1160,UNKNOWN,Agra
1161,JAMES PATEL,Patna
1162,ISHAAN MEHTA,Meerut
1163,MARIA  YADAV,Bengaluru
1164,AMIT  CHAUHAN,Chandigarh
1165,MARIA JOHNSON,Salem
1166,PRIYA BROWN,Bengaluru
1167,RHEA THAKUR,Mumbai
1168,UNKNOWN,Aurangabad
1169,SNEHA  KAPOOR,Indore
1170,SARA  MISHRA,Coimbatore
1171,KOMAL YADAV,Jaipur
1172,TARA JOHNSON,Meerut
1173,DAVID YADAV,Delhi
1174,ZOYA JOHNSON,Tirupati
1175,VIKAS SINGH,Madurai
1176,HARSH  REDDY,Allahabad
1177,LIAM ANSARI,Nagpur
1178,UNKNOWN,Faridabad
1179,RHEA MEHTA,Kanpur
1180,UNKNOWN,Salem
1181,ROHIT DAS,Thane
1182,UNKNOWN,Jodhpur
1183,UNKNOWN,Delhi
1184,DEV MALHOTRA,Thane
1185,UNKNOWN,Noida
1186,OLIVIA KHANNA,Indore
1187,KOMAL PATEL,Chennai
1188,VIKAS TAYLOR,Pune
1189,ANITA AGARWAL,Ludhiana
1190,VIVEK YADAV,Vijayawada
1191,SHIVAM JAIN,Varanasi
1192,YASH CLARK,Mumbai
1193,VIVEK VERMA,Ahmedabad
1194,UNKNOWN,Howrah
1195,MARIA DSOUZA,Patna
1196,UNKNOWN,Nagpur
1197,NOAH CLARK,Vadodara
1198,POOJA TAYLOR,Pune
1199,LIAM KHANNA,Delhi
1200,LIAM KHANNA,Kanpur
1201,SIDDHARTH YADAV,Howrah
1202,UNKNOWN,Pune
1203,UNKNOWN,Jaipur
1204,SOPHIA JOHNSON,Chennai
1205,VIKAS TIWARI,Jodhpur
1206,MAHESH  KHAN,Bengaluru
1207,DAVID SINGH,Nashik
1208,KOMAL DUTTA,Mumbai
1209,JOHN GUPTA,Thrissur
1210,JOHN PATEL,Thane
1211,PRIYA WILLIAMS,Thrissur
1212,DEEPAK  FERNANDES,Coimbatore
1213,ARJUN TAYLOR,Dhanbad
1214,AMIT FERNANDES,Salem
1215,SHIVAM VERMA,Meerut
1216,PETER TRIPATHI,Nashik
1217,UNKNOWN,Ghaziabad
1218,OLIVIA YADAV,Indore
1219,DAVID  GOWDA,Faridabad
1220,SHIVAM BROWN,Kozhikode
1221,ARJUN DUTTA,Unknown
1222,SARA ROY,Thrissur
1223,SNEHA SINGH,Aurangabad
1224,JAMES SHARMA,Jabalpur
1225,POOJA MALHOTRA,Faridabad
1226,SARA JOHNSON,Ranchi
1227,UNKNOWN,Kozhikode
1228,SIDDHARTH CLARK,Hyderabad
1229,GAURAV ROY,Delhi
1230,NEHA MISHRA,Amritsar
1231,VIVEK WILLIAMS,Indore
1232,ANITA SINGH,Nashik
1233,LIAM  JOHNSON,Kozhikode
1234,MANISH KHANNA,Coimbatore
1235,AMAN TIWARI,Tirupati
1236,UNKNOWN,Aurangabad
1237,GAURAV SHARMA,Unknown
1238,RANI VERMA,Ranchi
1239,SARA ANDERSON,Delhi
1240,NOAH DUTTA,Srinagar
1241,UNKNOWN,Nagpur
1242,OLIVIA TRIPATHI,Meerut
1243,UNKNOWN,Patna
1244,UNKNOWN,Surat
1245,UNKNOWN,Rajkot
1246,ZOYA MEHTA,Hyderabad
1247,AMIT PATEL,Ahmedabad
1248,KAVITA  MALHOTRA,Bengaluru
1249,ARJUN PATEL,Mumbai
1250,ZOYA  TRIPATHI,Delhi
1251,ANITA  THOMPSON,Aurangabad
1252,ISHAAN  MEHTA,Jaipur
1253,KAVITA PATEL,Mysore
1254,DAVID BOSE,Ghaziabad
1255,SOPHIA  JOSHI,Lucknow
1256,TARA FERNANDES,Ghaziabad
1257,AMIT YADAV,Kanpur
1258,MANISH TIWARI,Jodhpur
1259,SIDDHARTH SINGH,Allahabad
1260,MEERA ANDERSON,Mumbai
1261,UNKNOWN,Mysore
1262,MANISH VERMA,Amritsar
1263,JAMES WILLIAMS,Jodhpur
1264,FARHAN PATEL,Mumbai
1265,KAVITA CLARK,Howrah
1266,AMAN  JOSHI,Mumbai
1267,SHIVAM PATEL,Meerut
1268,SOPHIA MISHRA,Mumbai
1269,RHEA VERMA,Indore
1270,SARA JOHNSON,Meerut
1271,RANI ANSARI,Coimbatore
1272,UNKNOWN,Howrah
1273,LIAM YADAV,Kanpur
1274,ISHAAN JAIN,Vijayawada
1275,OLIVIA THOMPSON,Kanpur
1276,DAVID YADAV,Mumbai
1277,KAVITA GUPTA,Lucknow
1278,JOHN TRIPATHI,Faridabad
1279,MANISH TRIPATHI,Patna
1280,ISHAAN PATEL,Kochi
1281,FARHAN FERNANDES,Patna
1282,UNKNOWN,Meerut
1283,ROHIT JAIN,Visakhapatnam
1284,FARHAN JOSHI,Thane
1285,SIDDHARTH DAS,Varanasi
1286,MANISH  JOHNSON,Rajkot
1287,SNEHA  AGARWAL,Lucknow
1288,SIDDHARTH THAKUR,Bhopal
1289,EMMA REDDY,Aurangabad
1290,JAMES TRIPATHI,Allahabad
1291,VIKAS JOHNSON,Thane
1292,GAURAV  KHAN,Surat
1293,VIKAS JOHNSON,Pune
1294,GAURAV WILLIAMS,Gwalior
1295,KABIR REDDY,Bhopal
1296,UNKNOWN,Visakhapatnam
1297,MAHESH ANSARI,Vadodara
1298,UNKNOWN,Kanpur
1299,EMMA KHAN,Gurgaon
1300,UNKNOWN,Mumbai
1301,UNKNOWN,Faridabad
1302,EMMA GUPTA,Srinagar
1303,KOMAL  ANSARI,Chennai
1304,SHIVAM MISHRA,Gurgaon
1305,MARIA WILLIAMS,Pune
1306,UNKNOWN,Coimbatore
1307,VIHAAN FERNANDES,Agra
1308,NEHA PATEL,Mumbai
1309,FARHAN DAS,Hyderabad
1310,RAHUL THOMPSON,Hyderabad
1311,YASH MISHRA,Thrissur
1312,KABIR REDDY,Vadodara
1313,NOAH ANSARI,Pune
1314,GAURAV AGARWAL,Coimbatore
1315,NEHA SINGH,Patna
1316,SIDDHARTH CLARK,Jaipur
1317,YASH BROWN,Kolkata
1318,DEV MEHTA,Noida
1319,OLIVIA   KAPOOR,Gurgaon
1320,SURESH ANDERSON,Allahabad
1321,UNKNOWN,Bengaluru
1322,DEV  DUTTA,Jodhpur
1323,KABIR REDDY,Kozhikode
1324,ISHAAN THAKUR,Jodhpur
1325,KOMAL SHARMA,Bhopal
1326,VIHAAN MISHRA,Surat
1327,MARIA GOWDA,Srinagar
1328,SHIVAM KHAN,Kolkata
1329,EMMA KHANNA,Unknown
1330,ANAYA  ANSARI,Lucknow
1331,UNKNOWN,Chennai
1332,POOJA AGARWAL,Unknown
1333,DEEPAK  DAS,Mysore
1334,VIHAAN TIWARI,Visakhapatnam
1335,VIHAAN JOHNSON,Agra
1336,UNKNOWN,Thane
1337,PETER GUPTA,Nagpur
1338,LIAM  ANSARI,Meerut
1339,SNEHA PATEL,Chennai
1340,UNKNOWN,Agra
1341,MEERA THAKUR,Meerut
1342,KOMAL KHAN,Madurai
1343,VIHAAN GUPTA,Lucknow
1344,UNKNOWN,Ranchi
1345,OLIVIA GOWDA,Thrissur
1346,TARA AGARWAL,Visakhapatnam
1347,RANI SHEIKH,Vijayawada
1348,UNKNOWN,Mumbai
1349,OLIVIA SHEIKH,Bengaluru
1350,UNKNOWN,Srinagar
1351,UNKNOWN,Amritsar
1352,DAVID GUPTA,Thane
1353,LIAM CLARK,Hyderabad
1354,SHIVAM YADAV,Pune
1355,DEV BOSE,Delhi
1356,RAHUL KHAN,Pune
1357,LIAM   KAPOOR,Gwalior
1358,KOMAL WILLIAMS,Ahmedabad
1359,KABIR VERMA,Agra
1360,MANISH GUPTA,Mumbai
1361,NEHA TIWARI,Madurai
1362,ARJUN WILLIAMS,Gwalior
1363,JAMES PATEL,Thane
1364,DAVID KHANNA,Agra
1365,UNKNOWN,Vijayawada
1366,YASH  KAPOOR,Delhi
1367,AMIT PATEL,Pune
1368,SURESH  TIWARI,Kozhikode
1369,SURESH  NAIDU,Jaipur
1370,SARA TAYLOR,Vijayawada
1371,PRIYA YADAV,Jodhpur
1372,NEHA MISHRA,Salem
1373,ANAYA PATEL,Thane
1374,SHIVAM GUPTA,Tirupati
1375,ANAYA MEHTA,Lucknow
1376,KABIR  KHANNA,Srinagar
1377,VIVEK  KAPOOR,Ludhiana
1378,AMIT  PATEL,Vijayawada
1379,KABIR THOMPSON,Jaipur
1380,ZOYA BROWN,Pune
1381,KABIR BOSE,Faridabad
1382,JAMES MALHOTRA,Agra
1383,EMMA REDDY,Meerut
1384,ASHA SINGH,Ranchi
1385,ARJUN GOWDA,Jabalpur
1386,GAURAV YADAV,Kochi
1387,ROHIT ANDERSON,Chandigarh
1388,LIAM KHANNA,Nashik
1389,VIKAS PATEL,Ahmedabad
1390,VIHAAN CLARK,Pune
1391,ROHIT DAS,Hyderabad
1392,ANAYA MEHTA,Madurai
1393,OLIVIA TAYLOR,Jodhpur
1394,MEERA YADAV,Indore
1395,AMIT  CLARK,Srinagar
1396,EMMA THAKUR,Bhopal
1397,MANISH GOWDA,Unknown
1398,UNKNOWN,Visakhapatnam
1399,VIHAAN TAYLOR,Patna
1400,UNKNOWN,Salem
1401,RAHUL SHEIKH,Indore
1402,DEEPAK MEHTA,Hyderabad
1403,OLIVIA CHAUHAN,Aurangabad
1404,SNEHA MALHOTRA,Bengaluru
1405,JOHN MEHTA,Jabalpur
1406,NEHA SINGH,Jodhpur
1407,SOPHIA REDDY,Jodhpur
1408,AMAN REDDY,Gwalior
1409,SURESH  WILLIAMS,Thrissur
1410,DEEPAK FERNANDES,Jaipur
1411,KAVITA ANSARI,Nashik
1412,ISHAAN  DSOUZA,Varanasi
1413,ROHIT MALHOTRA,Rajkot
1414,ROHIT YADAV,Delhi
1415,MARIA VERMA,Kanpur
1416,RAHUL TIWARI,Pune
1417,MARIA ROY,Delhi
1418,ZOYA KHAN,Dhanbad
1419,UNKNOWN,Allahabad
1420,MARIA SHARMA,Mumbai
1421,MEERA ANDERSON,Amritsar
1422,AMAN CLARK,Aurangabad
1423,VIKAS BROWN,Ranchi
1424,VIVEK CLARK,Ghaziabad
1425,FARHAN JAIN,Noida
1426,ROHIT JOHNSON,Vadodara
1427,UNKNOWN,Jabalpur
1428,OLIVIA TAYLOR,Rajkot
1429,LIAM  DSOUZA,Bhopal
1430,UNKNOWN,Ludhiana
1431,JOHN JOHNSON,Allahabad
1432,UNKNOWN,Patna
1433,VIVEK  MISHRA,Aurangabad
1434,GAURAV MALHOTRA,Delhi
1435,SURESH  JAIN,Rajkot
1436,UNKNOWN,Nagpur
1437,MEERA VERMA,Ghaziabad
1438,RHEA GOWDA,Surat
1439,MAHESH AGARWAL,Kochi
1440,UNKNOWN,Jabalpur
1441,KAVITA TAYLOR,Jodhpur
1442,PRIYA ANSARI,Amritsar
1443,MANISH FERNANDES,Rajkot
1444,ARJUN PATEL,Ranchi
1445,UNKNOWN,Thrissur
1446,FARHAN REDDY,Jaipur
1447,JAMES BROWN,Ghaziabad
1448,AMIT PATEL,Meerut
1449,UNKNOWN,Pune
1450,ANITA ROY,Chennai
1451,UNKNOWN,Indore
1452,DEEPAK THOMPSON,Faridabad
1453,POOJA DAS,Varanasi
1454,GAURAV GUPTA,Vijayawada
1455,SURESH  JOSHI,Patna
1456,UNKNOWN,Agra
1457,ARJUN  KAPOOR,Indore
1458,OLIVIA THAKUR,Howrah
1459,SARA  GUPTA,Kozhikode
1460,LIAM VERMA,Mumbai
1461,SOPHIA JAIN,Kolkata
1462,ZOYA DSOUZA,Nagpur
1463,VIHAAN MISHRA,Vadodara
1464,SARA  ROY,Surat
1465,RANI NAIDU,Faridabad
1466,SARA JOHNSON,Aurangabad
1467,RANI SHARMA,Patna
1468,JAMES AGARWAL,Surat
1469,VIVEK CLARK,Visakhapatnam
1470,UNKNOWN,Pune
1471,JAMES GUPTA,Madurai
1472,OLIVIA  TAYLOR,Agra
1473,SNEHA THOMPSON,Varanasi
1474,JAMES KHAN,Ahmedabad
1475,MARIA JAIN,Rajkot
1476,ANITA DSOUZA,Faridabad
1477,DAVID CLARK,Rajkot
1478,HARSH SHARMA,Jabalpur
1479,ARJUN ANDERSON,Vadodara
1480,SIDDHARTH GUPTA,Jaipur
1481,FARHAN DAS,Kolkata
1482,UNKNOWN,Faridabad
1483,SARA ANDERSON,Aurangabad
1484,ASHA THOMPSON,Lucknow
1485,NOAH PATEL,Indore
1486,ARJUN KHAN,Jabalpur
1487,SNEHA KHANNA,Pune
1488,MEERA  JAIN,Kochi
1489,VIVEK TRIPATHI,Bhopal
1490,RHEA FERNANDES,Varanasi
1491,PRIYA JAIN,Ludhiana
1492,UNKNOWN,Varanasi
1493,SURESH JOHNSON,Allahabad
1494,OLIVIA CHAUHAN,Tirupati
1495,AMAN CLARK,Pune
1496,EMMA VERMA,Vadodara
1497,MARIA FERNANDES,Srinagar
1498,UNKNOWN,Bhopal
1499,VIHAAN MISHRA,Madurai
1500,PRIYA CLARK,Mumbai
1501,NOAH BROWN,Rajkot
1502,MEERA THOMPSON,Srinagar
1503,FARHAN DUTTA,Varanasi
1504,PETER DUTTA,Salem
1505,UNKNOWN,Ghaziabad
1506,RHEA  TRIPATHI,Meerut
1507,AMAN AGARWAL,Gwalior
1508,YASH YADAV,Agra
1509,PETER DUTTA,Mumbai
1510,UNKNOWN,Delhi
1511,AMAN KHAN,Hyderabad
1512,UNKNOWN,Jaipur
1513,GAURAV THAKUR,Hyderabad
1514,AMIT NAIDU,Faridabad
1515,SARA YADAV,Nashik
1516,UNKNOWN,Hyderabad
1517,MARIA DSOUZA,Indore
1518,KABIR MISHRA,Coimbatore
1519,UNKNOWN,Nagpur
1520,PETER MISHRA,Kozhikode
1521,PRIYA SINGH,Allahabad
1522,SHIVAM  THOMPSON,Tirupati
1523,ISHAAN BROWN,Ludhiana
1524,UNKNOWN,Thane
1525,LIAM ANSARI,Unknown
1526,KOMAL KHAN,Visakhapatnam
1527,SARA JOSHI,Noida
1528,MARIA SINGH,Howrah
1529,UNKNOWN,Vadodara
1530,ANAYA  NAIDU,Jaipur
1531,ASHA REDDY,Mumbai
1532,UNKNOWN,Aurangabad
1533,UNKNOWN,Gwalior
1534,GAURAV PATEL,Amritsar
1535,SURESH ANDERSON,Rajkot
1536,ARJUN FERNANDES,Vijayawada
1537,ISHAAN BOSE,Thane
1538,SOPHIA ANSARI,Bhopal
1539,PRIYA FERNANDES,Srinagar
1540,MEERA AGARWAL,Ghaziabad
1541,VIVEK ANSARI,Ahmedabad
1542,PETER DUTTA,Mysore
1543,VIVEK MEHTA,Jabalpur
1544,DEV SHARMA,Salem
1545,LIAM MEHTA,Hyderabad
1546,SHIVAM  BOSE,Madurai
1547,POOJA TAYLOR,Aurangabad
1548,RAHUL VERMA,Rajkot
1549,SIDDHARTH SHEIKH,Delhi
1550,DEEPAK  SHEIKH,Kochi
1551,KABIR KHAN,Mumbai
1552,UNKNOWN,Delhi
1553,MARIA SHEIKH,Delhi
1554,KAVITA DSOUZA,Kochi
1555,DEV PATEL,Gurgaon
1556,SARA  NAIDU,Madurai
1557,UNKNOWN,Thane
1558,VIKAS MEHTA,Thane
1559,SARA SINGH,Noida
1560,EMMA VERMA,Meerut
1561,MANISH GUPTA,Gurgaon
1562,MARIA VERMA,Gwalior
1563,ZOYA BOSE,Vijayawada
1564,UNKNOWN,Thrissur
1565,TARA SINGH,Kochi
1566,ZOYA  NAIDU,Varanasi
1567,DEEPAK GOWDA,Meerut
1568,UNKNOWN,Gwalior
1569,ANITA MALHOTRA,Delhi
1570,UNKNOWN,Kolkata
1571,JAMES  FERNANDES,Jaipur
1572,VIKAS MEHTA,Pune
1573,SHIVAM ROY,Gwalior
1574,UNKNOWN,Agra
1575,SOPHIA  KAPOOR,Srinagar
1576,UNKNOWN,Mysore
1577,RANI  MEHTA,Surat
1578,UNKNOWN,Chennai
1579,MARIA AGARWAL,Jabalpur
1580,EMMA  TAYLOR,Srinagar
1581,UNKNOWN,Varanasi
1582,GAURAV TRIPATHI,Aurangabad
1583,VIVEK  THOMPSON,Patna
1584,SOPHIA THOMPSON,Kochi
1585,VIVEK NAIDU,Kochi
1586,JOHN  JOSHI,Jodhpur
1587,MARIA  ROY,Visakhapatnam
1588,RHEA VERMA,Coimbatore
1589,UNKNOWN,Tirupati
1590,AMAN CHAUHAN,Hyderabad
1591,SNEHA  FERNANDES,Mysore
1592,FARHAN NAIDU,Gurgaon
1593,DEEPAK PATEL,Gurgaon
1594,UNKNOWN,Varanasi
1595,UNKNOWN,Bhopal
1596,RANI  MEHTA,Howrah
1597,UNKNOWN,Ghaziabad
1598,RHEA PATEL,Coimbatore
1599,ASHA GOWDA,Hyderabad
1600,ZOYA KHANNA,Kozhikode
1601,ZOYA BROWN,Pune
1602,UNKNOWN,Patna
1603,UNKNOWN,Jaipur
1604,MARIA  KAPOOR,Bhopal
1605,MAHESH BOSE,Mumbai
1606,SARA  JOSHI,Pune
1607,LIAM CLARK,Kochi
1608,SNEHA YADAV,Hyderabad
1609,HARSH MISHRA,Delhi
1610,GAURAV SINGH,Hyderabad
1611,NEHA WILLIAMS,Chennai
1612,VIVEK KHANNA,Hyderabad
1613,UNKNOWN,Hyderabad
1614,ZOYA THOMPSON,Mysore
1615,DAVID VERMA,Chandigarh
1616,UNKNOWN,Madurai
1617,FARHAN THOMPSON,Indore
1618,PETER BROWN,Rajkot
1619,NOAH  TRIPATHI,Salem
1620,SARA  DUTTA,Vijayawada
1621,UNKNOWN,Vijayawada
1622,SOPHIA MALHOTRA,Patna
1623,NEHA KHANNA,Allahabad
1624,POOJA  KAPOOR,Amritsar
1625,AMAN MISHRA,Surat
1626,EMMA FERNANDES,Surat
1627,ANAYA  MALHOTRA,Nagpur
1628,DEEPAK KHAN,Delhi
1629,MEERA DUTTA,Chennai
1630,ARJUN SINGH,Visakhapatnam
1631,POOJA AGARWAL,Gwalior
1632,UNKNOWN,Chennai
1633,SARA PATEL,Kanpur
1634,VIVEK VERMA,Faridabad
1635,KABIR SINGH,Thane
1636,ARJUN REDDY,Patna
1637,DEV SINGH,Kanpur
1638,VIVEK  KAPOOR,Meerut
1639,SURESH DUTTA,Thrissur
1640,POOJA NAIDU,Gurgaon
1641,EMMA KHAN,Delhi
1642,EMMA  SHEIKH,Nashik
1643,KABIR  SHARMA,Pune
1644,VIHAAN  KAPOOR,Ahmedabad
1645,ANITA GOWDA,Srinagar
1646,POOJA SHEIKH,Ahmedabad
1647,POOJA ANSARI,Ahmedabad
1648,SIDDHARTH KHAN,Vijayawada
1649,MARIA BROWN,Dhanbad
1650,EMMA THAKUR,Nashik
1651,KOMAL TAYLOR,Kolkata
1652,VIHAAN JOSHI,Allahabad
1653,SARA  TIWARI,Vadodara
1654,MANISH SHARMA,Ludhiana
1655,SARA PATEL,Visakhapatnam
1656,SNEHA ROY,Meerut
1657,SHIVAM GOWDA,Meerut
1658,KABIR NAIDU,Ghaziabad
1659,DEV JOHNSON,Mysore
1660,SURESH JAIN,Kolkata
1661,AMIT JOSHI,Ahmedabad
1662,VIVEK PATEL,Jaipur
1663,NEHA MISHRA,Amritsar
1664,AMAN MALHOTRA,Ghaziabad
1665,ZOYA WILLIAMS,Ranchi
1666,RHEA  GUPTA,Allahabad
1667,SHIVAM BROWN,Bengaluru
1668,DEV JAIN,Allahabad
1669,LIAM ROY,Indore
1670,SNEHA ROY,Thrissur
1671,UNKNOWN,Jaipur
1672,UNKNOWN,Jaipur
1673,RANI ROY,Madurai
1674,SARA AGARWAL,Jabalpur
1675,UNKNOWN,Madurai
1676,MANISH SHARMA,Madurai
1677,TARA TRIPATHI,Varanasi
1678,SNEHA ROY,Visakhapatnam
1679,ZOYA  SHARMA,Ludhiana
1680,ZOYA ANSARI,Dhanbad
1681,POOJA TIWARI,Ahmedabad
1682,DEV VERMA,Mumbai
1683,SOPHIA JOSHI,Kozhikode
1684,POOJA KHANNA,Unknown
1685,DEV SHEIKH,Dhanbad
1686,YASH KHANNA,Meerut
1687,RANI BROWN,Nagpur
1688,UNKNOWN,Ranchi
1689,MARIA YADAV,Jabalpur
1690,UNKNOWN,Kozhikode
1691,JAMES GOWDA,Unknown
1692,UNKNOWN,Jabalpur
1693,TARA TIWARI,Madurai
1694,VIKAS ROY,Madurai
1695,VIHAAN YADAV,Bhopal
1696,UNKNOWN,Ranchi
1697,SURESH  ROY,Srinagar
1698,JOHN TIWARI,Tirupati
1699,UNKNOWN,Unknown
1700,ARJUN DSOUZA,Faridabad
1701,SNEHA  PATEL,Chennai
1702,RANI SINGH,Hyderabad
1703,ASHA NAIDU,Vijayawada
1704,PRIYA WILLIAMS,Indore
1705,UNKNOWN,Vijayawada
1706,RHEA TAYLOR,Gwalior
1707,SARA DAS,Pune
1708,PETER DSOUZA,Lucknow
1709,SOPHIA YADAV,Gurgaon
1710,MARIA ANSARI,Hyderabad
1711,ASHA MALHOTRA,Lucknow
1712,SNEHA TAYLOR,Faridabad
1713,FARHAN TRIPATHI,Nashik
1714,ARJUN  SHEIKH,Jaipur
1715,ARJUN PATEL,Pune
1716,OLIVIA  MEHTA,Dhanbad
1717,ISHAAN TIWARI,Agra
1718,UNKNOWN,Noida
1719,POOJA ANDERSON,Hyderabad
1720,UNKNOWN,Chennai
1721,UNKNOWN,Thane
1722,EMMA JAIN,Meerut
1723,DEEPAK NAIDU,Agra
1724,OLIVIA  CHAUHAN,Noida
1725,UNKNOWN,Meerut
1726,UNKNOWN,Gurgaon
1727,TARA JAIN,Hyderabad
1728,DEEPAK PATEL,Srinagar
1729,ANAYA  JOSHI,Kochi
1730,DEEPAK  FERNANDES,Hyderabad
1731,POOJA MALHOTRA,Ahmedabad
1732,UNKNOWN,Hyderabad
1733,SHIVAM KHANNA,Kozhikode
1734,MARIA MALHOTRA,Ghaziabad
1735,JAMES DSOUZA,Thrissur
1736,VIKAS VERMA,Chandigarh
1737,UNKNOWN,Dhanbad
1738,LIAM MISHRA,Faridabad
1739,PETER DAS,Mysore
1740,SIDDHARTH SHARMA,Vijayawada
1741,DEEPAK AGARWAL,Jaipur
1742,MEERA DSOUZA,Mumbai
1743,SOPHIA TAYLOR,Agra
1744,JOHN  WILLIAMS,Delhi
1745,AMIT TIWARI,Noida
1746,ANAYA  ANSARI,Chandigarh
1747,MAHESH  KAPOOR,Jabalpur
1748,SIDDHARTH JOHNSON,Ranchi
1749,ASHA REDDY,Mumbai
1750,SHIVAM  KAPOOR,Faridabad
1751,LIAM THAKUR,Vadodara
1752,UNKNOWN,Mumbai
1753,DEEPAK BOSE,Noida
1754,ZOYA CHAUHAN,Ludhiana
1755,KABIR JOSHI,Kochi
1756,SURESH KHAN,Varanasi
1757,UNKNOWN,Bengaluru
1758,KABIR JAIN,Jabalpur
1759,UNKNOWN,Mysore
1760,ROHIT THOMPSON,Gwalior
1761,GAURAV THOMPSON,Vadodara
1762,AMAN NAIDU,Pune
1763,RAHUL YADAV,Vijayawada
1764,DAVID ANSARI,Coimbatore
1765,SURESH NAIDU,Faridabad
1766,UNKNOWN,Bhopal
1767,ANAYA AGARWAL,Patna
1768,SURESH ROY,Hyderabad
1769,KABIR FERNANDES,Jabalpur
1770,UNKNOWN,Varanasi
1771,YASH YADAV,Dhanbad
1772,YASH MISHRA,Howrah
1773,VIHAAN  KAPOOR,Hyderabad
1774,SNEHA DAS,Tirupati
1775,ROHIT VERMA,Faridabad
1776,KOMAL JOHNSON,Srinagar
1777,MAHESH MEHTA,Howrah
1778,VIKAS DUTTA,Ludhiana
1779,DEEPAK CLARK,Rajkot
1780,FARHAN BOSE,Vadodara
1781,MANISH ROY,Salem
1782,KOMAL DSOUZA,Indore
1783,YASH DSOUZA,Mumbai
1784,JOHN FERNANDES,Mumbai
1785,VIHAAN ROY,Chennai
1786,DEEPAK YADAV,Bhopal
1787,ANAYA REDDY,Kochi
1788,SURESH NAIDU,Jodhpur
1789,POOJA SINGH,Mumbai
1790,UNKNOWN,Rajkot
1791,DEEPAK BROWN,Chennai
1792,YASH  REDDY,Madurai
1793,MEERA JOSHI,Salem
1794,RAHUL GOWDA,Pune
1795,KOMAL TAYLOR,Rajkot
1796,MARIA THOMPSON,Meerut
1797,SOPHIA CLARK,Jodhpur
1798,VIVEK BOSE,Kanpur
1799,VIKAS JOSHI,Noida
1800,SHIVAM WILLIAMS,Chandigarh
1801,VIKAS  BROWN,Jabalpur
1802,PETER ANSARI,Dhanbad
1803,UNKNOWN,Amritsar
1804,VIVEK  JOHNSON,Unknown
1805,JAMES KHANNA,Vijayawada
1806,MEERA  KAPOOR,Coimbatore
1807,DAVID  MISHRA,Howrah
1808,PETER  VERMA,Mysore
1809,SURESH  YADAV,Chennai
1810,VIKAS SHARMA,Mysore
1811,SOPHIA YADAV,Pune
1812,VIKAS PATEL,Surat
1813,PETER SHEIKH,Ranchi
1814,MANISH PATEL,Nagpur
1815,VIVEK KHAN,Kozhikode
1816,SHIVAM  VERMA,Thrissur
1817,DEEPAK  BOSE,Surat
1818,ZOYA JOHNSON,Allahabad
1819,SNEHA JOHNSON,Chandigarh
1820,RANI GUPTA,Chandigarh
1821,SHIVAM DUTTA,Mysore
1822,HARSH TAYLOR,Gwalior
1823,DEV JOSHI,Hyderabad
1824,OLIVIA GUPTA,Unknown
1825,DEEPAK JOHNSON,Bengaluru
1826,DAVID CLARK,Indore
1827,ROHIT JOSHI,Lucknow
1828,HARSH AGARWAL,Coimbatore
1829,AMIT VERMA,Patna
1830,DEEPAK THOMPSON,Thrissur
1831,VIHAAN  TRIPATHI,Varanasi
1832,UNKNOWN,Delhi
1833,VIKAS  TIWARI,Visakhapatnam
1834,UNKNOWN,Hyderabad
1835,UNKNOWN,Patna
1836,RHEA SINGH,Howrah
1837,VIKAS CHAUHAN,Hyderabad
1838,RANI  TRIPATHI,Visakhapatnam
1839,UNKNOWN,Pune
1840,YASH YADAV,Srinagar
1841,TARA BOSE,Pune
1842,DEEPAK TRIPATHI,Howrah
1843,DEEPAK DSOUZA,Faridabad
1844,ARJUN ANDERSON,Jaipur
1845,MARIA GOWDA,Noida
1846,SIDDHARTH KHAN,Chennai
1847,SHIVAM GOWDA,Jodhpur
1848,SIDDHARTH  DUTTA,Gwalior
1849,PRIYA TIWARI,Chennai
1850,SNEHA ROY,Kanpur
1851,UNKNOWN,Salem
1852,TARA THOMPSON,Surat
1853,PETER  MISHRA,Nashik
1854,SOPHIA MISHRA,Ludhiana
1855,OLIVIA TRIPATHI,Delhi
1856,PRIYA SINGH,Ghaziabad
1857,ZOYA  YADAV,Kochi
1858,OLIVIA NAIDU,Pune
1859,SHIVAM FERNANDES,Hyderabad
1860,DAVID SHEIKH,Pune
1861,ANAYA THAKUR,Rajkot
1862,ISHAAN  SINGH,Delhi
1863,VIHAAN CLARK,Dhanbad
1864,VIKAS  BOSE,Jaipur
1865,VIHAAN SINGH,Visakhapatnam
1866,UNKNOWN,Mumbai
1867,MARIA PATEL,Faridabad
1868,JOHN BOSE,Surat
1869,UNKNOWN,Patna
1870,ZOYA JOSHI,Kanpur
1871,PETER TIWARI,Vijayawada
1872,ANAYA  SHEIKH,Salem
1873,VIHAAN WILLIAMS,Ghaziabad
1874,RAHUL REDDY,Allahabad
1875,ROHIT  WILLIAMS,Bengaluru
1876,PRIYA KHAN,Coimbatore
1877,LIAM THAKUR,Thrissur
1878,ROHIT  BOSE,Kochi
1879,ANAYA THOMPSON,Allahabad
1880,SNEHA CHAUHAN,Delhi
1881,NOAH SHARMA,Agra
1882,ANAYA CHAUHAN,Allahabad
1883,ZOYA VERMA,Jodhpur
1884,AMAN DAS,Ludhiana
1885,GAURAV GOWDA,Kozhikode
1886,SOPHIA KHANNA,Mysore
1887,SIDDHARTH KHANNA,Varanasi
1888,ROHIT ANDERSON,Tirupati
1889,MEERA  TAYLOR,Rajkot
1890,YASH TAYLOR,Meerut
1891,TARA TIWARI,Lucknow
1892,ISHAAN VERMA,Hyderabad
1893,GAURAV TAYLOR,Jabalpur
1894,RANI BROWN,Meerut
1895,YASH DUTTA,Dhanbad
1896,KABIR ANDERSON,Tirupati
1897,NEHA  KAPOOR,Srinagar
1898,DEV TIWARI,Pune
1899,JAMES  VERMA,Thane
1900,SNEHA YADAV,Amritsar
1901,VIVEK FERNANDES,Varanasi
1902,VIKAS ANSARI,Jabalpur
1903,MANISH THOMPSON,Agra
1904,LIAM JOHNSON,Allahabad
1905,TARA BROWN,Kochi
1906,OLIVIA  KAPOOR,Patna
1907,DEEPAK ROY,Pune
1908,RANI MISHRA,Kozhikode
1909,ANAYA JOSHI,Delhi
1910,UNKNOWN,Lucknow
1911,KOMAL ANDERSON,Hyderabad
1912,MARIA REDDY,Bhopal
1913,EMMA TIWARI,Patna
1914,DEEPAK JOHNSON,Kanpur
1915,SHIVAM CLARK,Nagpur
1916,ARJUN JOHNSON,Agra
1917,AMIT DUTTA,Delhi
1918,YASH YADAV,Pune
1919,DEEPAK FERNANDES,Kolkata
1920,KABIR ANDERSON,Madurai
1921,RHEA ANSARI,Kozhikode
1922,ANITA ROY,Srinagar
1923,VIHAAN DUTTA,Nashik
1924,UNKNOWN,Pune
1925,ANITA DSOUZA,Ghaziabad
1926,MARIA  KHAN,Mumbai
1927,ISHAAN MISHRA,Ranchi
1928,UNKNOWN,Rajkot
1929,TARA VERMA,Nagpur
1930,UNKNOWN,Kozhikode
1931,SOPHIA NAIDU,Allahabad
1932,ANAYA MEHTA,Tirupati
1933,KABIR MALHOTRA,Amritsar
1934,DAVID DAS,Surat
1935,ARJUN WILLIAMS,Kochi
1936,AMAN AGARWAL,Nagpur
1937,UNKNOWN,Visakhapatnam
1938,MANISH  DUTTA,Meerut
1939,MARIA REDDY,Bengaluru
1940,NOAH BOSE,Thane
1941,LIAM GOWDA,Kochi
1942,VIHAAN DAS,Pune
1943,ASHA GOWDA,Mumbai
1944,NOAH BROWN,Chandigarh
1945,ARJUN CHAUHAN,Noida
1946,UNKNOWN,Agra
1947,UNKNOWN,Mumbai
1948,ISHAAN REDDY,Jabalpur
1949,KABIR DSOUZA,Kolkata
1950,VIKAS  KHAN,Coimbatore
1951,PETER REDDY,Kolkata
1952,NOAH GUPTA,Patna
1953,NEHA BROWN,Unknown
1954,POOJA BOSE,Gwalior
1955,ASHA  KHANNA,Ludhiana
1956,KOMAL JOHNSON,Lucknow
1957,JOHN ROY,Kolkata
1958,JOHN  DSOUZA,Bengaluru
1959,TARA AGARWAL,Patna
1960,VIVEK  ANSARI,Patna
1961,LIAM TAYLOR,Nagpur
1962,SNEHA TRIPATHI,Noida
1963,KAVITA DUTTA,Unknown
1964,AMIT KHAN,Amritsar
1965,ARJUN NAIDU,Hyderabad
1966,MEERA GOWDA,Surat
1967,SIDDHARTH AGARWAL,Agra
1968,LIAM  WILLIAMS,Meerut
1969,MAHESH   KAPOOR,Patna
1970,EMMA ANSARI,Srinagar
1971,SIDDHARTH BOSE,Howrah
1972,GAURAV YADAV,Chennai
1973,DEEPAK  AGARWAL,Gwalior
1974,SIDDHARTH ANDERSON,Nagpur
1975,UNKNOWN,Meerut
1976,TARA SINGH,Hyderabad
1977,LIAM YADAV,Unknown
1978,NOAH  ANDERSON,Patna
1979,NEHA DSOUZA,Howrah
1980,MANISH KHANNA,Meerut
1981,ISHAAN BROWN,Varanasi
1982,POOJA  BROWN,Madurai
1983,ARJUN YADAV,Meerut
1984,MARIA ANDERSON,Nashik
1985,YASH DAS,Ludhiana
1986,AMIT CHAUHAN,Vadodara
1987,SOPHIA NAIDU,Pune
1988,EMMA  BROWN,Chennai
1989,JOHN SINGH,Kolkata
1990,AMIT GUPTA,Dhanbad
1991,VIVEK FERNANDES,Vijayawada
1992,SARA CHAUHAN,Faridabad
1993,ROHIT  DAS,Delhi
1994,YASH BOSE,Kozhikode
1995,LIAM  YADAV,Gurgaon
1996,NEHA REDDY,Amritsar
1997,MAHESH THOMPSON,Varanasi
1998,SOPHIA JAIN,Gurgaon
1999,DEEPAK WILLIAMS,Thrissur
2000,DEV ROY,Pune
2001,SOPHIA JOHNSON,Ranchi
2002,VIHAAN CLARK,Visakhapatnam
2003,ANITA CHAUHAN,Varanasi
2004,OLIVIA JOHNSON,Coimbatore
2005,ZOYA ROY,Bhopal
2006,HARSH MALHOTRA,Rajkot
2007,DEV KHANNA,Thane
2008,PRIYA JOSHI,Bengaluru
2009,SIDDHARTH  GUPTA,Patna
2010,MAHESH  GUPTA,Varanasi
2011,POOJA TAYLOR,Ranchi
2012,NOAH THOMPSON,Pune
2013,DAVID NAIDU,Ghaziabad
2014,SURESH TAYLOR,Dhanbad
2015,AMAN THOMPSON,Chandigarh
2016,MARIA  NAIDU,Noida
2017,PRIYA ROY,Srinagar
2018,UNKNOWN,Hyderabad
2019,PRIYA  ROY,Vadodara
2020,JOHN  KAPOOR,Mumbai
2021,UNKNOWN,Bhopal
2022,ROHIT JOSHI,Bengaluru
2023,ISHAAN BROWN,Delhi
2024,SURESH JOHNSON,Srinagar
2025,AMAN BOSE,Meerut
2026,MEERA GOWDA,Ludhiana
2027,PETER VERMA,Kanpur
2028,MARIA  BOSE,Faridabad
2029,UNKNOWN,Tirupati
2030,UNKNOWN,Allahabad
2031,VIKAS JOSHI,Pune
2032,SHIVAM  REDDY,Varanasi
2033,RHEA ROY,Jaipur
2034,GAURAV JOHNSON,Ahmedabad
2035,MARIA ROY,Unknown
2036,UNKNOWN,Varanasi
2037,UNKNOWN,Thane
2038,MEERA DUTTA,Ludhiana
2039,KABIR  NAIDU,Gwalior
2040,KOMAL ROY,Chandigarh
2041,DAVID BROWN,Salem
2042,SOPHIA GUPTA,Bhopal
2043,DAVID YADAV,Thrissur
2044,PRIYA CLARK,Pune
2045,VIVEK  NAIDU,Dhanbad
2046,RAHUL ROY,Kolkata
2047,RAHUL REDDY,Meerut
2048,RANI JAIN,Chandigarh
2049,SNEHA PATEL,Bengaluru
2050,JOHN THAKUR,Patna
2051,TARA  KAPOOR,Kolkata
2052,PETER MEHTA,Howrah
2053,OLIVIA KHAN,Hyderabad
2054,KABIR  YADAV,Kochi
2055,JAMES  KHAN,Hyderabad
2056,VIHAAN FERNANDES,Visakhapatnam
2057,MARIA DUTTA,Bhopal
2058,EMMA KHAN,Madurai
2059,PETER CLARK,Aurangabad
2060,ANITA DUTTA,Delhi
2061,RANI VERMA,Coimbatore
2062,ANITA  KAPOOR,Allahabad
2063,UNKNOWN,Jabalpur
2064,NOAH  TIWARI,Varanasi
2065,DAVID MEHTA,Pune
2066,EMMA MEHTA,Kolkata
2067,MARIA  FERNANDES,Patna
2068,AMAN JOHNSON,Meerut
2069,FARHAN SINGH,Faridabad
2070,SOPHIA  KAPOOR,Indore
2071,VIKAS FERNANDES,Nashik
2072,JAMES GUPTA,Coimbatore
2073,GAURAV  TRIPATHI,Ludhiana
2074,YASH  NAIDU,Chandigarh
2075,ANAYA FERNANDES,Rajkot
2076,ANITA BOSE,Unknown
2077,UNKNOWN,Ghaziabad
2078,KOMAL GUPTA,Chennai
2079,VIKAS PATEL,Kochi
2080,KAVITA  MALHOTRA,Hyderabad
2081,LIAM MISHRA,Dhanbad
2082,ZOYA  DAS,Aurangabad
2083,FARHAN DSOUZA,Agra
2084,MAHESH PATEL,Coimbatore
2085,NEHA DUTTA,Allahabad
2086,HARSH   KAPOOR,Jodhpur
2087,KOMAL BOSE,Gurgaon
2088,KOMAL  MISHRA,Mumbai
2089,EMMA JAIN,Nagpur
2090,MARIA DUTTA,Visakhapatnam
2091,DAVID DSOUZA,Jabalpur
2092,ISHAAN JAIN,Nashik
2093,VIVEK PATEL,Chennai
2094,ANAYA BROWN,Mysore
2095,RAHUL SHEIKH,Kochi
2096,MARIA PATEL,Jodhpur
2097,UNKNOWN,Surat
2098,MEERA DUTTA,Bhopal
2099,ANITA JAIN,Ahmedabad
2100,RHEA BROWN,Thrissur
2101,KABIR JOHNSON,Hyderabad
2102,DAVID THOMPSON,Ludhiana
2103,UNKNOWN,Ranchi
2104,MAHESH  KAPOOR,Pune
2105,ISHAAN REDDY,Aurangabad
2106,POOJA TAYLOR,Pune
2107,UNKNOWN,Kochi
2108,RHEA ANDERSON,Hyderabad
2109,MANISH  KAPOOR,Gurgaon
2110,MEERA AGARWAL,Faridabad
2111,RHEA JOSHI,Nashik
2112,MEERA DAS,Hyderabad
2113,SNEHA TRIPATHI,Mumbai
2114,KAVITA DSOUZA,Mysore
2115,DEEPAK  NAIDU,Howrah
2116,SOPHIA SHARMA,Delhi
2117,POOJA  THAKUR,Srinagar
2118,VIHAAN SHEIKH,Bhopal
2119,NEHA WILLIAMS,Kozhikode
2120,SURESH KHANNA,Coimbatore
2121,UNKNOWN,Jodhpur
2122,UNKNOWN,Jodhpur
2123,UNKNOWN,Rajkot
2124,LIAM  THAKUR,Howrah
2125,UNKNOWN,Faridabad
2126,MARIA VERMA,Lucknow
2127,NEHA BOSE,Nashik
2128,YASH  CHAUHAN,Surat
2129,JAMES DUTTA,Hyderabad
2130,SNEHA  JOHNSON,Meerut
2131,OLIVIA  MALHOTRA,Delhi
2132,AMAN  GUPTA,Hyderabad
2133,AMIT  CLARK,Hyderabad
2134,DEV  REDDY,Kochi
2135,OLIVIA ANSARI,Jaipur
2136,PRIYA  THOMPSON,Ghaziabad
2137,VIKAS TRIPATHI,Patna
2138,UNKNOWN,Jabalpur
2139,SURESH KHAN,Mumbai
2140,SIDDHARTH ANDERSON,Delhi
2141,DEV PATEL,Surat
2142,PRIYA DSOUZA,Chandigarh
2143,VIKAS JOHNSON,Pune
2144,AMAN VERMA,Kochi
2145,AMAN  CHAUHAN,Lucknow
2146,NOAH THAKUR,Salem
2147,DEV BROWN,Vadodara
2148,NEHA SINGH,Pune
2149,TARA GOWDA,Bhopal
2150,SIDDHARTH PATEL,Mumbai
2151,MARIA MISHRA,Vijayawada
2152,AMAN  JOSHI,Jodhpur
2153,VIVEK GUPTA,Bhopal
2154,UNKNOWN,Jaipur
2155,RAHUL PATEL,Noida
2156,MAHESH JOHNSON,Meerut
2157,ANAYA DAS,Nagpur
2158,GAURAV THAKUR,Faridabad
2159,JOHN JOSHI,Howrah
2160,PETER MALHOTRA,Varanasi
2161,HARSH GUPTA,Mumbai
2162,KAVITA WILLIAMS,Mysore
2163,ISHAAN REDDY,Madurai
2164,RAHUL  MALHOTRA,Hyderabad
2165,MARIA  CHAUHAN,Mumbai
2166,ASHA JOSHI,Thrissur
2167,MAHESH  KAPOOR,Unknown
2168,GAURAV ANDERSON,Surat
2169,UNKNOWN,Faridabad
2170,DEV MISHRA,Kozhikode
2171,SARA JOSHI,Chennai
2172,EMMA CLARK,Mumbai
2173,YASH TAYLOR,Faridabad
2174,SOPHIA PATEL,Jabalpur
2175,KOMAL  SHEIKH,Mumbai
2176,SOPHIA SHEIKH,Thane
2177,UNKNOWN,Noida
2178,JOHN TIWARI,Pune
2179,MARIA  MEHTA,Thrissur
2180,POOJA  ANDERSON,Delhi
2181,ISHAAN BOSE,Nashik
2182,PETER  KAPOOR,Chennai
2183,SHIVAM MEHTA,Unknown
2184,PETER  KAPOOR,Kochi
2185,JOHN MEHTA,Hyderabad
2186,UNKNOWN,Tirupati
2187,ASHA SINGH,Surat
2188,GAURAV JAIN,Hyderabad
2189,ASHA JOHNSON,Allahabad
2190,SHIVAM DUTTA,Faridabad
2191,NOAH REDDY,Surat
2192,KAVITA KHANNA,Delhi
2193,UNKNOWN,Nashik
2194,NEHA CHAUHAN,Gwalior
2195,KOMAL ANSARI,Howrah
2196,EMMA NAIDU,Unknown
2197,SNEHA TIWARI,Rajkot
2198,RAHUL KHANNA,Nagpur
2199,MANISH  DSOUZA,Chennai
2200,NEHA CHAUHAN,Faridabad
2201,UNKNOWN,Nagpur
2202,DEEPAK  MISHRA,Faridabad
2203,AMAN AGARWAL,Lucknow
2204,SARA ANDERSON,Nagpur
2205,TARA TAYLOR,Thrissur
2206,LIAM SHEIKH,Tirupati
2207,MEERA JOHNSON,Srinagar
2208,SOPHIA TRIPATHI,Coimbatore
2209,TARA  REDDY,Jaipur
2210,VIVEK ROY,Ludhiana
2211,VIKAS SHEIKH,Vadodara
2212,ROHIT BROWN,Pune
2213,MANISH  REDDY,Delhi
2214,JAMES ANDERSON,Kolkata
2215,VIHAAN JOHNSON,Hyderabad
2216,SARA AGARWAL,Delhi
2217,ASHA THOMPSON,Kanpur
2218,PRIYA JOHNSON,Nashik
2219,ARJUN JOSHI,Bhopal
2220,ISHAAN  YADAV,Rajkot
2221,SNEHA  KAPOOR,Patna
2222,MARIA  DUTTA,Hyderabad
2223,DEEPAK ANDERSON,Howrah
2224,AMAN TRIPATHI,Ahmedabad
2225,UNKNOWN,Coimbatore
2226,VIKAS THOMPSON,Thane
2227,ROHIT DUTTA,Ludhiana
2228,YASH CHAUHAN,Mumbai
2229,PRIYA JAIN,Madurai
2230,ZOYA JAIN,Pune
2231,UNKNOWN,Ranchi
2232,UNKNOWN,Srinagar
2233,ARJUN WILLIAMS,Indore
2234,SIDDHARTH YADAV,Madurai
2235,NEHA MISHRA,Jabalpur
2236,UNKNOWN,Visakhapatnam
2237,LIAM ROY,Mumbai
2238,VIKAS BROWN,Surat
2239,GAURAV  ROY,Patna
2240,KABIR GUPTA,Visakhapatnam
2241,RHEA MALHOTRA,Vijayawada
2242,MAHESH ANSARI,Vijayawada
2243,YASH REDDY,Jodhpur
2244,POOJA FERNANDES,Ranchi
2245,LIAM  SHARMA,Thane
2246,NOAH SINGH,Mumbai
2247,YASH MEHTA,Chennai
2248,HARSH BOSE,Surat
2249,YASH  JOHNSON,Gwalior
2250,SHIVAM SHEIKH,Bengaluru
2251,ANITA  BOSE,Indore
2252,SHIVAM MISHRA,Mysore
2253,LIAM  THAKUR,Ludhiana
2254,SARA PATEL,Ranchi
2255,RHEA PATEL,Chandigarh
2256,UNKNOWN,Kochi
2257,DEV NAIDU,Mumbai
2258,UNKNOWN,Faridabad
2259,OLIVIA MISHRA,Patna
2260,MANISH JOHNSON,Kozhikode
2261,MARIA  MISHRA,Rajkot
2262,KOMAL BOSE,Ludhiana
2263,UNKNOWN,Kolkata
2264,ASHA MISHRA,Hyderabad
2265,AMIT JAIN,Mumbai
2266,AMAN  ANDERSON,Vadodara
2267,UNKNOWN,Jaipur
2268,TARA GOWDA,Ludhiana
2269,ARJUN MEHTA,Nashik
2270,JOHN SINGH,Agra
2271,UNKNOWN,Dhanbad
2272,SIDDHARTH GUPTA,Kanpur
2273,SNEHA BROWN,Nagpur
2274,UNKNOWN,Chandigarh
2275,SIDDHARTH YADAV,Bhopal
2276,DAVID DAS,Kanpur
2277,UNKNOWN,Salem
2278,KABIR CLARK,Vadodara
2279,ANITA JAIN,Chandigarh
2280,DAVID SHARMA,Howrah
2281,ARJUN  REDDY,Vadodara
2282,MEERA JOSHI,Noida
2283,SIDDHARTH SHARMA,Dhanbad
2284,UNKNOWN,Tirupati
2285,LIAM CLARK,Coimbatore
2286,EMMA THOMPSON,Lucknow
2287,KAVITA KHANNA,Tirupati
2288,KABIR FERNANDES,Nagpur
2289,SURESH DSOUZA,Salem
2290,MEERA  PATEL,Howrah
2291,MEERA GUPTA,Ahmedabad
2292,NOAH  ANSARI,Bhopal
2293,JOHN DSOUZA,Coimbatore
2294,RANI THOMPSON,Pune
2295,MANISH GUPTA,Tirupati
2296,MANISH  JOSHI,Varanasi
2297,KAVITA DUTTA,Gurgaon
2298,FARHAN SHARMA,Kochi
2299,UNKNOWN,Nagpur
2300,RAHUL ROY,Howrah
2301,UNKNOWN,Patna
2302,SNEHA ANDERSON,Meerut
2303,MEERA  REDDY,Agra
2304,LIAM DAS,Unknown
2305,KABIR BROWN,Nagpur
2306,UNKNOWN,Kochi
2307,KAVITA CHAUHAN,Surat
2308,JOHN CHAUHAN,Salem
2309,ANAYA SINGH,Nashik
2310,SNEHA ROY,Pune
2311,HARSH DUTTA,Mysore
2312,MANISH PATEL,Unknown
2313,VIVEK  SINGH,Pune
2314,DAVID  TIWARI,Srinagar
2315,SIDDHARTH CHAUHAN,Hyderabad
2316,SNEHA DSOUZA,Rajkot
2317,ASHA DAS,Patna
2318,KABIR  BOSE,Amritsar
2319,JOHN PATEL,Kochi
2320,OLIVIA YADAV,Delhi
2321,MAHESH ROY,Ghaziabad
2322,ISHAAN  DUTTA,Jabalpur
2323,GAURAV MISHRA,Chennai
2324,MARIA THOMPSON,Madurai
2325,DAVID  KAPOOR,Meerut
2326,NEHA YADAV,Jabalpur
2327,EMMA  SHEIKH,Vadodara
2328,PRIYA WILLIAMS,Delhi
2329,MAHESH DAS,Pune
2330,MAHESH THOMPSON,Lucknow
2331,RAHUL MISHRA,Srinagar
2332,HARSH BOSE,Patna
2333,ROHIT THAKUR,Jabalpur
2334,RAHUL REDDY,Gwalior
2335,NEHA TIWARI,Kolkata
2336,SHIVAM ANSARI,Amritsar
2337,UNKNOWN,Howrah
2338,DEV REDDY,Gurgaon
2339,ISHAAN GOWDA,Delhi
2340,HARSH GUPTA,Dhanbad
2341,YASH VERMA,Mumbai
2342,SIDDHARTH VERMA,Hyderabad
2343,ISHAAN KHANNA,Amritsar
2344,ASHA  KHAN,Madurai
2345,MAHESH SINGH,Varanasi
2346,MAHESH  VERMA,Vijayawada
2347,DAVID JOHNSON,Ahmedabad
2348,MEERA  KAPOOR,Thane
2349,RANI JOSHI,Thane
2350,VIVEK GOWDA,Meerut
2351,TARA CLARK,Jabalpur
2352,UNKNOWN,Visakhapatnam
2353,YASH CHAUHAN,Jaipur
2354,SURESH PATEL,Bhopal
2355,PETER  DAS,Kolkata
2356,DEV  JOSHI,Mumbai
2357,KAVITA SHARMA,Salem
2358,DEV KHAN,Jabalpur
2359,RAHUL BOSE,Bengaluru
2360,ISHAAN  TAYLOR,Surat
2361,AMIT ROY,Ghaziabad
2362,TARA VERMA,Pune
2363,UNKNOWN,Chandigarh
2364,SARA JOHNSON,Jabalpur
2365,VIKAS YADAV,Agra
2366,UNKNOWN,Faridabad
2367,KABIR SHEIKH,Visakhapatnam
2368,RANI BOSE,Nagpur
2369,RHEA  THOMPSON,Mumbai
2370,VIKAS  SINGH,Howrah
2371,ISHAAN  DAS,Surat
2372,JOHN KHAN,Mumbai
2373,LIAM MISHRA,Delhi
2374,RANI TIWARI,Mumbai
2375,RANI JOHNSON,Coimbatore
2376,SOPHIA VERMA,Unknown
2377,OLIVIA DUTTA,Kochi
2378,UNKNOWN,Thane
2379,JOHN MALHOTRA,Bhopal
2380,DEEPAK ANDERSON,Pune
2381,ANITA PATEL,Bengaluru
2382,YASH MALHOTRA,Gwalior
2383,KOMAL VERMA,Allahabad
2384,UNKNOWN,Mysore
2385,MEERA JOSHI,Gurgaon
2386,SARA DSOUZA,Jodhpur
2387,NEHA  MALHOTRA,Chennai
2388,MEERA  BROWN,Vijayawada
2389,KABIR  NAIDU,Kozhikode
2390,TARA TRIPATHI,Patna
2391,SOPHIA KHANNA,Salem
2392,NOAH  BOSE,Jaipur
2393,VIKAS TRIPATHI,Ludhiana
2394,UNKNOWN,Delhi
2395,FARHAN ANSARI,Rajkot
2396,KOMAL GOWDA,Ahmedabad
2397,UNKNOWN,Hyderabad
2398,JAMES WILLIAMS,Thane
2399,SIDDHARTH ROY,Chandigarh
2400,MAHESH  SINGH,Vadodara
2401,VIVEK  WILLIAMS,Indore
2402,KOMAL BROWN,Indore
2403,SIDDHARTH  NAIDU,Hyderabad
2404,UNKNOWN,Vijayawada
2405,ARJUN SHEIKH,Delhi
2406,ANITA  THAKUR,Tirupati
2407,RANI TIWARI,Jodhpur
2408,DAVID ANDERSON,Kozhikode
2409,ANITA  DSOUZA,Gwalior
2410,UNKNOWN,Ghaziabad
2411,JAMES THOMPSON,Hyderabad
2412,DEEPAK TAYLOR,Aurangabad
2413,ZOYA MEHTA,Mysore
2414,JOHN MEHTA,Faridabad
2415,RHEA AGARWAL,Noida
2416,UNKNOWN,Delhi
2417,MARIA SHEIKH,Gwalior
2418,OLIVIA  REDDY,Agra
2419,AMIT  JOSHI,Madurai
2420,UNKNOWN,Nashik
2421,FARHAN JOHNSON,Noida
2422,KABIR GOWDA,Pune
2423,UNKNOWN,Kolkata
2424,DEV  SINGH,Gurgaon
2425,UNKNOWN,Delhi
2426,VIHAAN  TIWARI,Madurai
2427,SNEHA CLARK,Chennai
2428,ROHIT ANDERSON,Kolkata
2429,VIKAS WILLIAMS,Ahmedabad
2430,UNKNOWN,Salem
2431,POOJA REDDY,Srinagar
2432,UNKNOWN,Bengaluru
2433,UNKNOWN,Nashik
2434,SOPHIA AGARWAL,Patna
2435,KABIR GOWDA,Chandigarh
2436,SOPHIA DAS,Nashik
2437,ISHAAN DUTTA,Unknown
2438,RANI THOMPSON,Bhopal
2439,UNKNOWN,Madurai
2440,VIHAAN JOSHI,Ludhiana
2441,UNKNOWN,Varanasi
2442,FARHAN GUPTA,Mumbai
2443,LIAM GUPTA,Vijayawada
2444,AMIT  TAYLOR,Kolkata
2445,EMMA  GUPTA,Salem
2446,UNKNOWN,Visakhapatnam
2447,SHIVAM KHANNA,Ranchi
2448,AMAN JOHNSON,Thane
2449,PRIYA CHAUHAN,Hyderabad
2450,GAURAV KHANNA,Jodhpur
2451,SHIVAM  JOHNSON,Dhanbad
2452,SARA JOSHI,Mumbai
2453,VIHAAN MEHTA,Dhanbad
2454,PETER JOSHI,Mumbai
2455,SNEHA SHEIKH,Ahmedabad
2456,AMIT  AGARWAL,Dhanbad
2457,SHIVAM JOSHI,Meerut
2458,VIHAAN THOMPSON,Tirupati
2459,SURESH PATEL,Kozhikode
2460,UNKNOWN,Hyderabad
2461,SIDDHARTH ANSARI,Patna
2462,MANISH PATEL,Srinagar
2463,UNKNOWN,Delhi
2464,MAHESH SINGH,Aurangabad
2465,SOPHIA KHANNA,Nagpur
2466,UNKNOWN,Amritsar
2467,SIDDHARTH TAYLOR,Jabalpur
2468,MAHESH DAS,Gurgaon
2469,AMIT SINGH,Mumbai
2470,UNKNOWN,Nagpur
2471,SOPHIA TAYLOR,Jaipur
2472,SARA  GOWDA,Dhanbad
2473,AMIT TRIPATHI,Delhi
2474,NEHA REDDY,Aurangabad
2475,UNKNOWN,Patna
2476,PRIYA ANSARI,Ahmedabad
2477,ASHA JOHNSON,Vadodara
2478,DEEPAK  DUTTA,Meerut
2479,JAMES VERMA,Hyderabad
2480,AMAN GUPTA,Vadodara
2481,NEHA JOHNSON,Jabalpur
2482,FARHAN KHAN,Chennai
2483,DAVID ANSARI,Meerut
2484,SARA SHEIKH,Ahmedabad
2485,SARA DAS,Delhi
2486,UNKNOWN,Lucknow
2487,UNKNOWN,Srinagar
2488,RANI CHAUHAN,Lucknow
2489,ISHAAN MEHTA,Kolkata
2490,SNEHA MEHTA,Visakhapatnam
2491,LIAM DUTTA,Thane
2492,SNEHA REDDY,Faridabad
2493,SNEHA  TAYLOR,Visakhapatnam
2494,DEV TAYLOR,Thane
2495,UNKNOWN,Salem
2496,SURESH YADAV,Gurgaon
2497,JOHN BROWN,Pune
2498,SURESH VERMA,Mumbai
2499,VIVEK AGARWAL,Mumbai
2500,ANAYA KHAN,Srinagar
2501,FARHAN CLARK,Nashik
2502,NOAH TAYLOR,Nashik
2503,UNKNOWN,Visakhapatnam
2504,VIKAS DAS,Mumbai
2505,ZOYA TIWARI,Srinagar
2506,JOHN YADAV,Ranchi
2507,ASHA GOWDA,Ahmedabad
2508,ISHAAN KHAN,Tirupati
2509,KOMAL  KAPOOR,Pune
2510,DEV YADAV,Gurgaon
2511,EMMA SINGH,Chennai
2512,AMIT  MALHOTRA,Chandigarh
2513,POOJA CLARK,Jabalpur
2514,HARSH  PATEL,Kolkata
2515,VIKAS BROWN,Howrah
2516,ARJUN TAYLOR,Ranchi
2517,SURESH  MEHTA,Nashik
2518,SIDDHARTH  THAKUR,Kozhikode
2519,ANAYA  KAPOOR,Srinagar
2520,UNKNOWN,Surat
2521,AMAN  SINGH,Indore
2522,SNEHA ANDERSON,Chandigarh
2523,UNKNOWN,Salem
2524,VIHAAN ROY,Delhi
2525,UNKNOWN,Gwalior
2526,DEEPAK  SHARMA,Vijayawada
2527,MARIA  ROY,Agra
2528,ANAYA  MALHOTRA,Gurgaon
2529,MAHESH  JOSHI,Amritsar
2530,NEHA DAS,Kanpur
2531,VIVEK  MALHOTRA,Mysore
2532,DAVID NAIDU,Hyderabad
2533,ANAYA ANDERSON,Ahmedabad
2534,FARHAN DAS,Delhi
2535,ZOYA  SHARMA,Kolkata
2536,ARJUN TIWARI,Tirupati
2537,DEEPAK AGARWAL,Jodhpur
2538,ANAYA THAKUR,Rajkot
2539,RHEA VERMA,Jabalpur
2540,ASHA SHARMA,Visakhapatnam
2541,JAMES GUPTA,Howrah
2542,VIVEK BOSE,Agra
2543,DEV SHARMA,Kozhikode
2544,UNKNOWN,Vijayawada
2545,MEERA  YADAV,Mumbai
2546,UNKNOWN,Chandigarh
2547,ASHA THAKUR,Mumbai
2548,ISHAAN GUPTA,Jaipur
2549,DEV REDDY,Salem
2550,UNKNOWN,Faridabad
2551,DEV  TAYLOR,Ranchi
2552,AMIT GUPTA,Allahabad
2553,MAHESH BROWN,Noida
2554,UNKNOWN,Nagpur
2555,VIKAS BROWN,Chennai
2556,AMIT  DSOUZA,Agra
2557,SURESH  ROY,Chandigarh
2558,UNKNOWN,Amritsar
2559,MANISH DAS,Dhanbad
2560,RHEA GOWDA,Kochi
2561,SHIVAM CLARK,Aurangabad
2562,ARJUN MALHOTRA,Patna
2563,SARA  THOMPSON,Mumbai
2564,ZOYA SINGH,Nagpur
2565,NOAH  AGARWAL,Mysore
2566,EMMA  THOMPSON,Coimbatore
2567,SIDDHARTH ANSARI,Jodhpur
2568,SOPHIA VERMA,Aurangabad
2569,HARSH BROWN,Varanasi
2570,MARIA YADAV,Indore
2571,KABIR AGARWAL,Bengaluru
2572,PRIYA REDDY,Tirupati
2573,NOAH BOSE,Allahabad
2574,POOJA GUPTA,Mysore
2575,GAURAV DUTTA,Indore
2576,SIDDHARTH DAS,Delhi
2577,ROHIT  KAPOOR,Kochi
2578,ZOYA JAIN,Allahabad
2579,TARA VERMA,Ranchi
2580,EMMA BROWN,Jodhpur
2581,MAHESH AGARWAL,Nagpur
2582,UNKNOWN,Mumbai
2583,DEV YADAV,Ghaziabad
2584,GAURAV SHARMA,Meerut
2585,ZOYA JAIN,Hyderabad
2586,TARA TIWARI,Nashik
2587,DAVID DAS,Thane
2588,ROHIT JOSHI,Chennai
2589,ANAYA ROY,Jodhpur
2590,YASH WILLIAMS,Thane
2591,UNKNOWN,Chandigarh
2592,VIVEK MISHRA,Chennai
2593,UNKNOWN,Ghaziabad
2594,SARA MALHOTRA,Unknown
2595,ARJUN VERMA,Vadodara
2596,MEERA MALHOTRA,Srinagar
2597,HARSH  DAS,Thane
2598,SARA TAYLOR,Salem
2599,DEV FERNANDES,Allahabad
2600,YASH MISHRA,Patna
2601,POOJA GOWDA,Coimbatore
2602,JAMES GOWDA,Allahabad
2603,ARJUN GUPTA,Thane
2604,JAMES  CHAUHAN,Aurangabad
2605,NEHA KHANNA,Thrissur
2606,UNKNOWN,Hyderabad
2607,RANI KHANNA,Kolkata
2608,ANITA DSOUZA,Thane
2609,JOHN VERMA,Tirupati
2610,EMMA WILLIAMS,Varanasi
2611,PRIYA DSOUZA,Rajkot
2612,UNKNOWN,Kochi
2613,KABIR WILLIAMS,Noida
2614,PETER VERMA,Meerut
2615,UNKNOWN,Chandigarh
2616,OLIVIA WILLIAMS,Visakhapatnam
2617,TARA  MEHTA,Coimbatore
2618,ANAYA JOSHI,Jabalpur
2619,UNKNOWN,Rajkot
2620,UNKNOWN,Chandigarh
2621,NOAH YADAV,Salem
2622,AMAN TAYLOR,Hyderabad
2623,HARSH SINGH,Lucknow
2624,PETER JOSHI,Vadodara
2625,AMAN MISHRA,Amritsar
2626,KAVITA JOHNSON,Meerut
2627,KOMAL DSOUZA,Bengaluru
2628,SOPHIA ANDERSON,Srinagar
2629,SARA  SHEIKH,Patna
2630,EMMA SHEIKH,Pune
2631,ANITA SHARMA,Srinagar
2632,SARA DUTTA,Patna
2633,ASHA KHANNA,Hyderabad
2634,UNKNOWN,Kolkata
2635,UNKNOWN,Ludhiana
2636,AMIT CLARK,Agra
2637,UNKNOWN,Jodhpur
2638,UNKNOWN,Ludhiana
2639,SURESH  KAPOOR,Meerut
2640,UNKNOWN,Delhi
2641,ISHAAN  AGARWAL,Visakhapatnam
2642,SHIVAM  VERMA,Ahmedabad
2643,MARIA WILLIAMS,Faridabad
2644,PETER BOSE,Vijayawada
2645,OLIVIA  DAS,Nashik
2646,ANITA MEHTA,Indore
2647,ASHA  KAPOOR,Visakhapatnam
2648,ASHA VERMA,Ludhiana
2649,EMMA FERNANDES,Madurai
2650,YASH BOSE,Vadodara
2651,ARJUN REDDY,Pune
2652,PRIYA TAYLOR,Indore
2653,AMAN AGARWAL,Indore
2654,MARIA ANDERSON,Bhopal
2655,UNKNOWN,Gwalior
2656,OLIVIA  AGARWAL,Chandigarh
2657,KAVITA JOHNSON,Tirupati
2658,EMMA ANSARI,Noida
2659,AMIT KHAN,Madurai
2660,UNKNOWN,Kanpur
2661,GAURAV BROWN,Coimbatore
2662,DEV MEHTA,Kochi
2663,SOPHIA VERMA,Ludhiana
2664,ARJUN THAKUR,Thrissur
2665,VIKAS CHAUHAN,Ghaziabad
2666,SOPHIA THAKUR,Madurai
2667,HARSH WILLIAMS,Jabalpur
2668,POOJA KHANNA,Vijayawada
2669,AMIT CHAUHAN,Surat
2670,AMIT ANSARI,Gurgaon
2671,RHEA DSOUZA,Ludhiana
2672,TARA KHAN,Madurai
2673,JAMES DAS,Vadodara
2674,MAHESH SHEIKH,Delhi
2675,MAHESH JOHNSON,Nagpur
2676,JOHN MISHRA,Nashik
2677,PRIYA ANSARI,Faridabad
2678,ISHAAN JOHNSON,Jaipur
2679,MAHESH SINGH,Gurgaon
2680,JAMES VERMA,Indore
2681,PRIYA SHEIKH,Thrissur
2682,VIHAAN JOHNSON,Srinagar
2683,ZOYA NAIDU,Meerut
2684,SHIVAM MEHTA,Ranchi
2685,MANISH ANDERSON,Delhi
2686,VIHAAN  THAKUR,Allahabad
2687,UNKNOWN,Hyderabad
2688,RHEA THOMPSON,Ranchi
2689,RANI REDDY,Kochi
2690,ARJUN PATEL,Madurai
2691,AMAN FERNANDES,Kozhikode
2692,UNKNOWN,Amritsar
2693,JAMES THOMPSON,Ahmedabad
2694,RAHUL MISHRA,Rajkot
2695,YASH YADAV,Thane
2696,NEHA MALHOTRA,Ludhiana
2697,EMMA SHARMA,Kochi
2698,UNKNOWN,Pune
2699,ROHIT JOHNSON,Nagpur
2700,KAVITA TIWARI,Meerut
2701,VIVEK KHAN,Nagpur
2702,UNKNOWN,Bhopal
2703,KABIR CHAUHAN,Hyderabad
2704,JOHN JAIN,Patna
2705,FARHAN  VERMA,Varanasi
2706,JAMES DSOUZA,Amritsar
2707,DEEPAK  MISHRA,Varanasi
2708,HARSH DUTTA,Chandigarh
2709,NEHA  PATEL,Tirupati
2710,SARA  CLARK,Ludhiana
2711,TARA THOMPSON,Dhanbad
2712,JOHN VERMA,Madurai
2713,UNKNOWN,Ludhiana
2714,AMAN SHARMA,Nagpur
2715,ANAYA KHANNA,Bhopal
2716,VIKAS TIWARI,Rajkot
2717,VIKAS  ANDERSON,Mumbai
2718,VIHAAN SHEIKH,Delhi
2719,UNKNOWN,Varanasi
2720,MAHESH CHAUHAN,Delhi
2721,HARSH GUPTA,Mysore
2722,PETER WILLIAMS,Dhanbad
2723,ANAYA CLARK,Delhi
2724,RHEA THOMPSON,Delhi
2725,UNKNOWN,Jodhpur
2726,AMAN AGARWAL,Rajkot
2727,SOPHIA THAKUR,Chennai
2728,OLIVIA KHANNA,Agra
2729,ROHIT CLARK,Noida
2730,KOMAL THAKUR,Ludhiana
2731,MANISH ANDERSON,Aurangabad
2732,AMAN ROY,Kanpur
2733,UNKNOWN,Vijayawada
2734,SNEHA WILLIAMS,Mysore
2735,RHEA AGARWAL,Howrah
2736,MAHESH CLARK,Varanasi
2737,KOMAL YADAV,Ghaziabad
2738,SOPHIA DSOUZA,Nagpur
2739,DEEPAK THOMPSON,Delhi
2740,AMIT THAKUR,Ghaziabad
2741,UNKNOWN,Kochi
2742,UNKNOWN,Allahabad
2743,SNEHA VERMA,Ghaziabad
2744,UNKNOWN,Chandigarh
2745,AMAN ANSARI,Gwalior
2746,RANI TRIPATHI,Salem
2747,YASH JOHNSON,Tirupati
2748,TARA CLARK,Rajkot
2749,MANISH MALHOTRA,Agra
2750,SNEHA  ANSARI,Jaipur
2751,SHIVAM KHANNA,Unknown
2752,MARIA MALHOTRA,Allahabad
2753,NOAH JOHNSON,Amritsar
2754,VIVEK BOSE,Mysore
2755,VIHAAN THAKUR,Thrissur
2756,ARJUN TAYLOR,Kanpur
2757,KOMAL  GOWDA,Ludhiana
2758,SARA GUPTA,Howrah
2759,ROHIT THOMPSON,Bhopal
2760,GAURAV KHANNA,Dhanbad
2761,RHEA JAIN,Chandigarh
2762,YASH  MALHOTRA,Jaipur
2763,VIKAS VERMA,Nashik
2764,AMIT TAYLOR,Ludhiana
2765,UNKNOWN,Thane
2766,UNKNOWN,Indore
2767,SOPHIA KHANNA,Chennai
2768,RHEA  GOWDA,Madurai
2769,LIAM KHANNA,Thane
2770,KOMAL KHAN,Mysore
2771,VIHAAN JOHNSON,Pune
2772,EMMA JOSHI,Howrah
2773,OLIVIA TIWARI,Delhi
2774,SOPHIA VERMA,Howrah
2775,VIVEK BROWN,Ludhiana
2776,LIAM THOMPSON,Rajkot
2777,POOJA DSOUZA,Rajkot
2778,MAHESH NAIDU,Allahabad
2779,KOMAL  BOSE,Agra
2780,DEV  MALHOTRA,Hyderabad
2781,KAVITA KHANNA,Unknown
2782,JAMES DUTTA,Bengaluru
2783,KABIR GOWDA,Bengaluru
2784,TARA REDDY,Varanasi
2785,ISHAAN  JOSHI,Thrissur
2786,ZOYA  AGARWAL,Pune
2787,RAHUL  KAPOOR,Bengaluru
2788,AMAN SHEIKH,Rajkot
2789,FARHAN SINGH,Kanpur
2790,UNKNOWN,Kanpur
2791,SOPHIA  WILLIAMS,Meerut
2792,DEEPAK SHEIKH,Madurai
2793,ISHAAN GOWDA,Kozhikode
2794,UNKNOWN,Pune
2795,NEHA TAYLOR,Ludhiana
2796,KAVITA ANDERSON,Agra
2797,KAVITA SHARMA,Jaipur
2798,ROHIT NAIDU,Agra
2799,UNKNOWN,Amritsar
2800,RHEA  MEHTA,Vijayawada
2801,NOAH CLARK,Bhopal
2802,UNKNOWN,Kanpur
2803,MANISH GOWDA,Thane
2804,UNKNOWN,Varanasi
2805,KAVITA DSOUZA,Kochi
2806,ANAYA GUPTA,Howrah
2807,OLIVIA  TRIPATHI,Kozhikode
2808,EMMA THOMPSON,Kanpur
2809,ANAYA SHEIKH,Nashik
2810,UNKNOWN,Delhi
2811,DEV  DSOUZA,Indore
2812,UNKNOWN,Chandigarh
2813,DEEPAK SHARMA,Thane
2814,SIDDHARTH CLARK,Varanasi
2815,KABIR KHAN,Ludhiana
2816,ARJUN PATEL,Kolkata
2817,RAHUL CHAUHAN,Ludhiana
2818,SNEHA KHANNA,Noida
2819,AMIT MISHRA,Hyderabad
2820,VIKAS NAIDU,Pune
2821,UNKNOWN,Varanasi
2822,VIVEK  SINGH,Kochi
2823,VIKAS CHAUHAN,Dhanbad
2824,HARSH KHAN,Chennai
2825,UNKNOWN,Varanasi
2826,MEERA GUPTA,Vijayawada
2827,FARHAN MISHRA,Dhanbad
2828,UNKNOWN,Varanasi
2829,MARIA TAYLOR,Nashik
2830,ZOYA DUTTA,Gwalior
2831,RAHUL JOSHI,Salem
2832,VIKAS  SINGH,Delhi
2833,ROHIT TAYLOR,Nashik
2834,UNKNOWN,Chennai
2835,RHEA  BROWN,Kanpur
2836,PRIYA  SHEIKH,Kochi
2837,NOAH MEHTA,Unknown
2838,DEV SHEIKH,Jaipur
2839,ASHA ROY,Vadodara
2840,VIVEK  DSOUZA,Nashik
2841,SNEHA  ROY,Jaipur
2842,YASH WILLIAMS,Vijayawada
2843,PRIYA TAYLOR,Bengaluru
2844,UNKNOWN,Madurai
2845,ASHA THOMPSON,Unknown
2846,UNKNOWN,Ludhiana
2847,KAVITA KHAN,Hyderabad
2848,UNKNOWN,Bhopal
2849,NEHA TIWARI,Ghaziabad
2850,ASHA YADAV,Visakhapatnam
2851,AMAN YADAV,Ranchi
2852,UNKNOWN,Unknown
2853,ARJUN KHANNA,Meerut
2854,OLIVIA VERMA,Nashik
2855,ASHA GUPTA,Rajkot
2856,UNKNOWN,Pune
2857,SURESH SINGH,Allahabad
2858,EMMA THAKUR,Unknown
2859,RHEA REDDY,Faridabad
2860,RHEA THAKUR,Ranchi
2861,GAURAV  VERMA,Howrah
2862,ZOYA VERMA,Srinagar
2863,FARHAN BROWN,Indore
2864,HARSH SHARMA,Vijayawada
2865,UNKNOWN,Salem
2866,VIVEK ROY,Kanpur
2867,SARA BOSE,Coimbatore
2868,UNKNOWN,Dhanbad
2869,MANISH KHAN,Rajkot
2870,NOAH  THOMPSON,Chandigarh
2871,FARHAN NAIDU,Bhopal
2872,ANAYA GOWDA,Pune
2873,DEV REDDY,Howrah
2874,OLIVIA TIWARI,Amritsar
2875,UNKNOWN,Delhi
2876,UNKNOWN,Gwalior
2877,MEERA MEHTA,Madurai
2878,JOHN DSOUZA,Madurai
2879,ZOYA  MEHTA,Jaipur
2880,SNEHA SHEIKH,Chennai
2881,UNKNOWN,Rajkot
2882,OLIVIA SHARMA,Coimbatore
2883,UNKNOWN,Chandigarh
2884,ANITA  REDDY,Bengaluru
2885,JAMES JAIN,Meerut
2886,UNKNOWN,Pune
2887,ROHIT GOWDA,Ludhiana
2888,SNEHA YADAV,Salem
2889,DAVID THAKUR,Jodhpur
2890,LIAM TRIPATHI,Kochi
2891,DAVID DAS,Pune
2892,SNEHA ANSARI,Jodhpur
2893,ISHAAN PATEL,Ghaziabad
2894,KAVITA KHANNA,Pune
2895,ASHA THOMPSON,Surat
2896,ANAYA NAIDU,Hyderabad
2897,VIVEK DSOUZA,Bhopal
2898,UNKNOWN,Lucknow
2899,SOPHIA TIWARI,Kanpur
2900,SHIVAM BOSE,Lucknow
2901,LIAM ROY,Srinagar
2902,RANI GOWDA,Patna
2903,JOHN WILLIAMS,Hyderabad
2904,UNKNOWN,Patna
2905,EMMA AGARWAL,Dhanbad
2906,UNKNOWN,Pune
2907,HARSH ANDERSON,Tirupati
2908,UNKNOWN,Chandigarh
2909,ARJUN SHEIKH,Gwalior
2910,PETER  BOSE,Kozhikode
2911,GAURAV  SHARMA,Jodhpur
2912,RANI BROWN,Kochi
2913,SOPHIA  KAPOOR,Tirupati
2914,MANISH GUPTA,Delhi
2915,FARHAN ANDERSON,Lucknow
2916,UNKNOWN,Rajkot
2917,UNKNOWN,Patna
2918,ANAYA  SINGH,Surat
2919,AMIT KHAN,Noida
2920,ZOYA TRIPATHI,Hyderabad
2921,VIKAS ROY,Agra
2922,KABIR ROY,Ludhiana
2923,ASHA  FERNANDES,Bhopal
2924,SOPHIA SHEIKH,Kanpur
2925,MARIA  KAPOOR,Faridabad
2926,UNKNOWN,Ludhiana
2927,YASH ROY,Visakhapatnam
2928,ROHIT THOMPSON,Howrah
2929,MEERA CLARK,Ahmedabad
2930,MEERA  ANDERSON,Thrissur
2931,SHIVAM JOHNSON,Kanpur
2932,SHIVAM CHAUHAN,Chennai
2933,LIAM  JAIN,Kanpur
2934,ASHA GOWDA,Tirupati
2935,UNKNOWN,Kozhikode
2936,NEHA REDDY,Mumbai
2937,KABIR KHANNA,Visakhapatnam
2938,MANISH ANSARI,Tirupati
2939,AMIT CLARK,Nashik
2940,TARA CLARK,Madurai
2941,SNEHA TRIPATHI,Bengaluru
2942,JAMES ROY,Nagpur
2943,UNKNOWN,Srinagar
2944,OLIVIA ROY,Kochi
2945,SIDDHARTH THAKUR,Salem
2946,UNKNOWN,Madurai
2947,VIKAS THOMPSON,Mumbai
2948,SURESH VERMA,Ranchi
2949,ARJUN NAIDU,Kozhikode
2950,FARHAN KHAN,Indore
2951,JOHN DSOUZA,Hyderabad
2952,DEV YADAV,Ahmedabad
2953,DAVID KHAN,Vijayawada
2954,RAHUL  SHEIKH,Gurgaon
2955,UNKNOWN,Allahabad
2956,MAHESH BOSE,Surat
2957,TARA TRIPATHI,Mumbai
2958,ASHA ANDERSON,Hyderabad
2959,EMMA JOSHI,Nashik
2960,MANISH  TRIPATHI,Ahmedabad
2961,PRIYA SHEIKH,Allahabad
2962,YASH GOWDA,Delhi
2963,ARJUN DUTTA,Salem
2964,UNKNOWN,Vadodara
2965,NEHA  KHANNA,Salem
2966,KAVITA ANDERSON,Kanpur
2967,UNKNOWN,Gurgaon
2968,DAVID  TRIPATHI,Varanasi
2969,UNKNOWN,Thrissur
2970,DAVID ANSARI,Lucknow
2971,EMMA CLARK,Varanasi
2972,ARJUN THAKUR,Surat
2973,SNEHA JAIN,Agra
2974,TARA MISHRA,Ahmedabad
2975,JAMES JOSHI,Chandigarh
2976,ANAYA ANDERSON,Nashik
2977,ZOYA GOWDA,Indore
2978,JOHN CHAUHAN,Rajkot
2979,MANISH MISHRA,Patna
2980,SARA WILLIAMS,Rajkot
2981,KOMAL CLARK,Ahmedabad
2982,UNKNOWN,Vadodara
2983,KAVITA SHARMA,Amritsar
2984,PETER JOSHI,Kanpur
2985,POOJA KHANNA,Ghaziabad
2986,VIHAAN  WILLIAMS,Dhanbad
2987,RAHUL  MISHRA,Mysore
2988,VIHAAN FERNANDES,Bengaluru
2989,ANITA JOSHI,Allahabad
2990,UNKNOWN,Mysore
2991,MARIA ANSARI,Bengaluru
2992,UNKNOWN,Srinagar
2993,SHIVAM THOMPSON,Jodhpur
2994,UNKNOWN,Surat
2995,HARSH  MISHRA,Jodhpur
2996,SURESH AGARWAL,Kanpur
2997,SOPHIA DAS,Jabalpur
2998,ARJUN VERMA,Agra
2999,SURESH WILLIAMS,Coimbatore
3000,POOJA TIWARI,Rajkot
3001,KAVITA JOHNSON,Salem
3002,VIVEK TAYLOR,Tirupati
3003,RHEA YADAV,Allahabad
3004,UNKNOWN,Salem
3005,LIAM GUPTA,Kolkata
3006,ANITA THOMPSON,Indore
3007,MARIA  JOSHI,Ludhiana
3008,KOMAL  THAKUR,Gwalior
3009,ZOYA ANSARI,Mysore
3010,MARIA KHAN,Mumbai
3011,EMMA MISHRA,Chandigarh
3012,SURESH SHEIKH,Surat
3013,UNKNOWN,Ludhiana
3014,KAVITA SINGH,Rajkot
3015,POOJA DAS,Faridabad
3016,MEERA TAYLOR,Hyderabad
3017,SHIVAM SINGH,Unknown
3018,SURESH TIWARI,Thrissur
3019,SHIVAM SHARMA,Gurgaon
3020,SNEHA REDDY,Mysore
3021,YASH MISHRA,Mysore
3022,SARA VERMA,Aurangabad
3023,JAMES  SHEIKH,Jaipur
3024,MANISH GOWDA,Hyderabad
3025,UNKNOWN,Varanasi
3026,DAVID  BROWN,Jabalpur
3027,NOAH CHAUHAN,Aurangabad
3028,UNKNOWN,Delhi
3029,ASHA NAIDU,Bhopal
3030,MANISH SINGH,Chennai
3031,KAVITA TAYLOR,Lucknow
3032,TARA JOSHI,Srinagar
3033,ASHA SINGH,Thane
3034,YASH KHANNA,Kozhikode
3035,MAHESH  KHANNA,Mysore
3036,PRIYA  JOSHI,Howrah
3037,SOPHIA BROWN,Hyderabad
3038,MAHESH ANSARI,Tirupati
3039,SOPHIA VERMA,Rajkot
3040,JAMES THAKUR,Indore
3041,SNEHA CLARK,Thrissur
3042,ARJUN TIWARI,Thane
3043,KAVITA TAYLOR,Patna
3044,FARHAN AGARWAL,Ranchi
3045,LIAM MISHRA,Thrissur
3046,SNEHA VERMA,Coimbatore
3047,YASH DSOUZA,Kozhikode
3048,PRIYA ANDERSON,Hyderabad
3049,UNKNOWN,Jabalpur
3050,UNKNOWN,Thane
3051,SHIVAM ANSARI,Kolkata
3052,DAVID  ANDERSON,Meerut
3053,ANITA MEHTA,Delhi
3054,NOAH ANDERSON,Ahmedabad
3055,PETER SINGH,Howrah
3056,ASHA  VERMA,Jodhpur
3057,RAHUL SHEIKH,Gwalior
3058,OLIVIA  TAYLOR,Jodhpur
3059,SHIVAM TAYLOR,Faridabad
3060,AMAN REDDY,Chandigarh
3061,GAURAV  TAYLOR,Patna
3062,NEHA MISHRA,Chennai
3063,VIHAAN  KAPOOR,Faridabad
3064,HARSH   KAPOOR,Ghaziabad
3065,NOAH ROY,Chennai
3066,RHEA NAIDU,Indore
3067,DEEPAK SHARMA,Agra
3068,SIDDHARTH BROWN,Howrah
3069,DEV THOMPSON,Patna
3070,MANISH DSOUZA,Gurgaon
3071,ANAYA JOSHI,Rajkot
3072,UNKNOWN,Vijayawada
3073,ASHA ROY,Agra
3074,NEHA ROY,Rajkot
3075,FARHAN  TIWARI,Gurgaon
3076,RHEA ANDERSON,Salem
3077,UNKNOWN,Patna
3078,MAHESH TRIPATHI,Ludhiana
3079,DAVID CLARK,Nashik
3080,VIHAAN DSOUZA,Tirupati
3081,UNKNOWN,Pune
3082,UNKNOWN,Agra
3083,SURESH SHARMA,Hyderabad
3084,UNKNOWN,Pune
3085,DEEPAK TAYLOR,Aurangabad
3086,NEHA  SINGH,Visakhapatnam
3087,VIHAAN  ANDERSON,Ranchi
3088,UNKNOWN,Amritsar
3089,PETER JOHNSON,Noida
3090,SNEHA BOSE,Jodhpur
3091,UNKNOWN,Bhopal
3092,UNKNOWN,Surat
3093,DEV SHARMA,Vijayawada
3094,SHIVAM PATEL,Ludhiana
3095,EMMA AGARWAL,Coimbatore
3096,DAVID YADAV,Vijayawada
3097,ROHIT  JOSHI,Thane
3098,ANAYA ANDERSON,Aurangabad
3099,MANISH JAIN,Allahabad
3100,POOJA  CLARK,Patna
3101,JOHN YADAV,Ahmedabad
3102,SNEHA WILLIAMS,Bhopal
3103,RAHUL TIWARI,Jabalpur
3104,DAVID KHAN,Kochi
3105,EMMA BROWN,Visakhapatnam
3106,SARA PATEL,Ranchi
3107,ASHA  AGARWAL,Kozhikode
3108,AMAN SINGH,Surat
3109,TARA YADAV,Aurangabad
3110,JAMES  AGARWAL,Chennai
3111,KOMAL REDDY,Vadodara
3112,MAHESH TIWARI,Hyderabad
3113,VIHAAN CLARK,Kolkata
3114,PETER  GOWDA,Howrah
3115,AMAN GOWDA,Ahmedabad
3116,MARIA DAS,Hyderabad
3117,NEHA  TRIPATHI,Pune
3118,SNEHA CLARK,Noida
3119,VIVEK AGARWAL,Tirupati
3120,UNKNOWN,Ghaziabad
3121,UNKNOWN,Agra
3122,ANAYA SHEIKH,Gwalior
3123,KABIR YADAV,Lucknow
3124,KOMAL DUTTA,Delhi
3125,UNKNOWN,Ranchi
3126,VIKAS YADAV,Noida
3127,JAMES NAIDU,Patna
3128,PETER SHARMA,Varanasi
3129,UNKNOWN,Kochi
3130,ROHIT AGARWAL,Delhi
3131,GAURAV   KAPOOR,Hyderabad
3132,SIDDHARTH THOMPSON,Unknown
3133,UNKNOWN,Jaipur
3134,EMMA THOMPSON,Rajkot
3135,DEV CHAUHAN,Noida
3136,MEERA TIWARI,Bhopal
3137,ASHA CHAUHAN,Ahmedabad
3138,KABIR BROWN,Gwalior
3139,MAHESH WILLIAMS,Pune
3140,AMAN ANSARI,Ghaziabad
3141,AMIT  BOSE,Hyderabad
3142,MANISH JOSHI,Unknown
3143,TARA SHARMA,Hyderabad
3144,UNKNOWN,Surat
3145,JAMES  TIWARI,Visakhapatnam
3146,UNKNOWN,Faridabad
3147,TARA REDDY,Kochi
3148,MARIA BOSE,Bengaluru
3149,KAVITA AGARWAL,Mumbai
3150,PETER BROWN,Ghaziabad
3151,VIKAS ANDERSON,Lucknow
3152,AMAN SINGH,Madurai
3153,POOJA MEHTA,Mumbai
3154,UNKNOWN,Allahabad
3155,MEERA REDDY,Unknown
3156,NEHA KHAN,Vadodara
3157,DEEPAK  TAYLOR,Delhi
3158,RHEA  CLARK,Rajkot
3159,TARA KHAN,Kolkata
3160,KABIR REDDY,Chandigarh
3161,SNEHA TAYLOR,Indore
3162,SURESH MEHTA,Bhopal
3163,RAHUL YADAV,Agra
3164,SURESH YADAV,Bengaluru
3165,SARA DUTTA,Dhanbad
3166,TARA DAS,Gurgaon
3167,AMAN  KHAN,Delhi
3168,ARJUN JOHNSON,Ahmedabad
3169,RAHUL THAKUR,Pune
3170,TARA  MEHTA,Chennai
3171,RHEA AGARWAL,Delhi
3172,POOJA JOHNSON,Kolkata
3173,MEERA DSOUZA,Howrah
3174,HARSH  DUTTA,Ludhiana
3175,SNEHA AGARWAL,Ludhiana
3176,SURESH ANSARI,Kozhikode
3177,KOMAL REDDY,Jodhpur
3178,KOMAL WILLIAMS,Visakhapatnam
3179,DAVID THAKUR,Agra
3180,UNKNOWN,Patna
3181,DEEPAK GOWDA,Kolkata
3182,MAHESH WILLIAMS,Kanpur
3183,PRIYA MEHTA,Mumbai
3184,RHEA NAIDU,Kochi
3185,SARA  TRIPATHI,Meerut
3186,MARIA  KAPOOR,Gwalior
3187,KABIR DAS,Vadodara
3188,YASH TRIPATHI,Vadodara
3189,KABIR TIWARI,Rajkot
3190,MANISH  SINGH,Vijayawada
3191,SNEHA THAKUR,Howrah
3192,ANITA ANSARI,Salem
3193,KABIR  GUPTA,Bhopal
3194,AMIT MISHRA,Nashik
3195,UNKNOWN,Mumbai
3196,DEEPAK THAKUR,Nagpur
3197,ANAYA  VERMA,Howrah
3198,ANAYA DUTTA,Kochi
3199,ZOYA  NAIDU,Mysore
3200,VIKAS SHEIKH,Indore
3201,EMMA NAIDU,Kochi
3202,OLIVIA VERMA,Thane
3203,UNKNOWN,Unknown
3204,MARIA  TAYLOR,Indore
3205,KABIR  ROY,Pune
3206,SIDDHARTH PATEL,Ranchi
3207,KOMAL REDDY,Mumbai
3208,VIHAAN JOHNSON,Ghaziabad
3209,VIKAS REDDY,Visakhapatnam
3210,NOAH THOMPSON,Srinagar
3211,MARIA  KHAN,Salem
3212,ANAYA JOSHI,Ranchi
3213,SIDDHARTH NAIDU,Aurangabad
3214,AMAN REDDY,Thane
3215,PETER SHEIKH,Meerut
3216,SOPHIA MISHRA,Aurangabad
3217,KOMAL ROY,Rajkot
3218,SNEHA THOMPSON,Delhi
3219,RHEA JOHNSON,Jaipur
3220,UNKNOWN,Ranchi
3221,PRIYA  AGARWAL,Kolkata
3222,SHIVAM TIWARI,Gwalior
3223,DEV SHARMA,Vadodara
3224,UNKNOWN,Vadodara
3225,JOHN  NAIDU,Agra
3226,AMIT  AGARWAL,Visakhapatnam
3227,LIAM GUPTA,Nagpur
3228,ASHA PATEL,Salem
3229,AMIT PATEL,Delhi
3230,ROHIT ANSARI,Chandigarh
3231,UNKNOWN,Vijayawada
3232,KAVITA AGARWAL,Thrissur
3233,RANI REDDY,Delhi
3234,SARA JAIN,Jabalpur
3235,AMIT FERNANDES,Bhopal
3236,UNKNOWN,Chennai
3237,KOMAL SINGH,Kolkata
3238,ZOYA VERMA,Amritsar
3239,DAVID REDDY,Gwalior
3240,KABIR THOMPSON,Lucknow
3241,ARJUN VERMA,Chennai
3242,SARA  TIWARI,Vijayawada
3243,UNKNOWN,Kozhikode
3244,ASHA JAIN,Faridabad
3245,SNEHA  PATEL,Bhopal
3246,ANITA AGARWAL,Bengaluru
3247,RHEA TRIPATHI,Tirupati
3248,UNKNOWN,Tirupati
3249,GAURAV ANDERSON,Unknown
3250,FARHAN DUTTA,Delhi
3251,NOAH THOMPSON,Varanasi
3252,VIHAAN SHARMA,Salem
3253,UNKNOWN,Ghaziabad
3254,UNKNOWN,Bengaluru
3255,POOJA  MEHTA,Madurai
3256,UNKNOWN,Nagpur
3257,TARA TRIPATHI,Pune
3258,FARHAN CHAUHAN,Mumbai
3259,ANAYA DUTTA,Ranchi
3260,SARA MALHOTRA,Amritsar
3261,YASH JAIN,Kochi
3262,TARA KHAN,Jaipur
3263,EMMA  GUPTA,Delhi
3264,AMAN DAS,Surat
3265,AMAN  DAS,Jaipur
3266,DEV BOSE,Bengaluru
3267,RHEA NAIDU,Jodhpur
3268,OLIVIA ROY,Salem
3269,SIDDHARTH  KHAN,Ahmedabad
3270,RANI KHANNA,Gwalior
3271,YASH BOSE,Salem
3272,YASH REDDY,Kochi
3273,PETER JOHNSON,Kochi
3274,ROHIT CHAUHAN,Delhi
3275,AMAN NAIDU,Pune
3276,PETER WILLIAMS,Kanpur
3277,OLIVIA DSOUZA,Kozhikode
3278,RANI  VERMA,Kanpur
3279,SIDDHARTH  KAPOOR,Ranchi
3280,ANITA WILLIAMS,Allahabad
3281,SIDDHARTH  GUPTA,Faridabad
3282,DEV JOSHI,Hyderabad
3283,ASHA  NAIDU,Indore
3284,UNKNOWN,Delhi
3285,ZOYA KHAN,Surat
3286,AMIT KHAN,Allahabad
3287,ANITA WILLIAMS,Kozhikode
3288,AMAN THAKUR,Indore
3289,AMAN SHARMA,Hyderabad
3290,UNKNOWN,Pune
3291,SIDDHARTH SHARMA,Jaipur
3292,MANISH DUTTA,Ahmedabad
3293,NEHA GOWDA,Kanpur
3294,SHIVAM BOSE,Chandigarh
3295,AMAN DAS,Hyderabad
3296,SURESH JOHNSON,Kozhikode
3297,NEHA NAIDU,Thrissur
3298,HARSH MALHOTRA,Chennai
3299,UNKNOWN,Ranchi
3300,SHIVAM  THOMPSON,Meerut
3301,OLIVIA MISHRA,Thane
3302,ZOYA DAS,Vijayawada
3303,JOHN  REDDY,Pune
3304,KABIR NAIDU,Vijayawada
3305,UNKNOWN,Patna
3306,SOPHIA THAKUR,Aurangabad
3307,MEERA DAS,Agra
3308,AMIT WILLIAMS,Noida
3309,UNKNOWN,Hyderabad
3310,RAHUL NAIDU,Jaipur
3311,UNKNOWN,Nagpur
3312,SIDDHARTH PATEL,Salem
3313,ZOYA DSOUZA,Thane
3314,ASHA SHARMA,Faridabad
3315,OLIVIA  NAIDU,Thane
3316,UNKNOWN,Vadodara
3317,UNKNOWN,Mumbai
3318,ROHIT REDDY,Delhi
3319,SHIVAM ANSARI,Mysore
3320,MARIA AGARWAL,Tirupati
3321,RHEA  DAS,Faridabad
3322,UNKNOWN,Aurangabad
3323,NOAH WILLIAMS,Mumbai
3324,UNKNOWN,Vadodara
3325,FARHAN TAYLOR,Kanpur
3326,RHEA  JOSHI,Pune
3327,TARA SINGH,Gurgaon
3328,TARA BROWN,Kolkata
3329,JAMES JOHNSON,Lucknow
3330,AMAN AGARWAL,Nashik
3331,UNKNOWN,Aurangabad
3332,NEHA AGARWAL,Chandigarh
3333,KAVITA  DUTTA,Madurai
3334,ARJUN VERMA,Pune
3335,AMAN  THAKUR,Aurangabad
3336,NOAH CLARK,Noida
3337,UNKNOWN,Coimbatore
3338,ISHAAN KHAN,Pune
3339,ASHA SHARMA,Coimbatore
3340,KABIR MISHRA,Dhanbad
3341,SURESH THOMPSON,Indore
3342,EMMA TIWARI,Ghaziabad
3343,EMMA  MEHTA,Mumbai
3344,UNKNOWN,Bhopal
3345,LIAM  SINGH,Ghaziabad
3346,ANAYA  KHANNA,Mumbai
3347,ANAYA DSOUZA,Indore
3348,NEHA CHAUHAN,Indore
3349,PRIYA JAIN,Patna
3350,NEHA SHEIKH,Varanasi
3351,FARHAN BOSE,Surat
3352,ROHIT THAKUR,Mysore
3353,MEERA TRIPATHI,Mysore
3354,MAHESH JAIN,Kochi
3355,AMIT BOSE,Varanasi
3356,MARIA ANSARI,Thrissur
3357,PRIYA BOSE,Srinagar
3358,YASH GUPTA,Mumbai
3359,POOJA TIWARI,Tirupati
3360,TARA THOMPSON,Jaipur
3361,JAMES  DUTTA,Ahmedabad
3362,ISHAAN MISHRA,Madurai
3363,UNKNOWN,Rajkot
3364,MAHESH DSOUZA,Nashik
3365,RAHUL AGARWAL,Ahmedabad
3366,RHEA DSOUZA,Ghaziabad
3367,UNKNOWN,Kolkata
3368,UNKNOWN,Lucknow
3369,UNKNOWN,Nashik
3370,UNKNOWN,Coimbatore
3371,MANISH  JOSHI,Kanpur
3372,ARJUN MISHRA,Unknown
3373,SURESH BROWN,Jodhpur
3374,ZOYA ANDERSON,Kolkata
3375,MANISH YADAV,Kochi
3376,UNKNOWN,Rajkot
3377,ZOYA ANSARI,Vadodara
3378,KAVITA JOSHI,Mumbai
3379,AMIT MALHOTRA,Ludhiana
3380,OLIVIA JAIN,Patna
3381,DEEPAK TIWARI,Bengaluru
3382,VIHAAN  SHEIKH,Ghaziabad
3383,FARHAN ROY,Madurai
3384,MAHESH JOSHI,Gurgaon
3385,ASHA JAIN,Delhi
3386,SNEHA THOMPSON,Unknown
3387,POOJA KHANNA,Salem
3388,HARSH DSOUZA,Aurangabad
3389,UNKNOWN,Ludhiana
3390,UNKNOWN,Faridabad
3391,AMAN ANSARI,Lucknow
3392,SOPHIA DSOUZA,Varanasi
3393,LIAM DSOUZA,Dhanbad
3394,SARA REDDY,Hyderabad
3395,AMIT  MALHOTRA,Surat
3396,JOHN ROY,Tirupati
3397,DEV SHEIKH,Visakhapatnam
3398,DEV TIWARI,Gwalior
3399,SHIVAM TIWARI,Agra
3400,EMMA PATEL,Visakhapatnam
3401,OLIVIA DSOUZA,Ahmedabad
3402,SHIVAM  KAPOOR,Meerut
3403,DEV BROWN,Coimbatore
3404,VIKAS GOWDA,Amritsar
3405,ARJUN DUTTA,Jodhpur
3406,EMMA  SHEIKH,Delhi
3407,DAVID PATEL,Surat
3408,UNKNOWN,Surat
3409,UNKNOWN,Bhopal
3410,JAMES MEHTA,Ahmedabad
3411,KAVITA TAYLOR,Howrah
3412,VIHAAN MISHRA,Kolkata
3413,ROHIT ANDERSON,Indore
3414,ASHA NAIDU,Kanpur
3415,LIAM SHEIKH,Ranchi
3416,VIHAAN NAIDU,Tirupati
3417,RAHUL MISHRA,Chandigarh
3418,DEEPAK BOSE,Srinagar
3419,UNKNOWN,Salem
3420,SIDDHARTH SINGH,Gurgaon
3421,ROHIT SHEIKH,Rajkot
3422,ROHIT AGARWAL,Allahabad
3423,RAHUL DAS,Gurgaon
3424,VIVEK  THAKUR,Gwalior
3425,ANITA DAS,Pune
3426,KAVITA THAKUR,Nagpur
3427,PRIYA MISHRA,Delhi
3428,MAHESH TIWARI,Patna
3429,SIDDHARTH BROWN,Madurai
3430,MEERA REDDY,Nagpur
3431,RHEA VERMA,Jabalpur
3432,UNKNOWN,Thane
3433,ZOYA BROWN,Rajkot
3434,ARJUN GOWDA,Kochi
3435,UNKNOWN,Pune
3436,LIAM GOWDA,Kochi
3437,UNKNOWN,Vadodara
3438,ANITA TAYLOR,Kozhikode
3439,MAHESH CLARK,Madurai
3440,KAVITA SHEIKH,Delhi
3441,VIVEK JOSHI,Jodhpur
3442,RANI GOWDA,Nagpur
3443,POOJA MEHTA,Gwalior
3444,UNKNOWN,Ranchi
3445,UNKNOWN,Aurangabad
3446,PRIYA TIWARI,Meerut
3447,MANISH DAS,Howrah
3448,ROHIT CLARK,Noida
3449,JOHN DUTTA,Dhanbad
3450,KAVITA YADAV,Vadodara
3451,SOPHIA WILLIAMS,Coimbatore
3452,RANI  CLARK,Kochi
3453,KABIR TAYLOR,Thrissur
3454,MANISH THAKUR,Mysore
3455,ARJUN MISHRA,Surat
3456,YASH SINGH,Jaipur
3457,TARA BOSE,Ahmedabad
3458,VIKAS YADAV,Howrah
3459,VIHAAN SHARMA,Madurai
3460,RAHUL  ANSARI,Aurangabad
3461,VIHAAN TIWARI,Faridabad
3462,RAHUL BOSE,Mumbai
3463,LIAM AGARWAL,Surat
3464,PETER TAYLOR,Kochi
3465,SARA GOWDA,Bengaluru
3466,VIVEK CLARK,Pune
3467,MEERA  MISHRA,Aurangabad
3468,PETER ROY,Gurgaon
3469,AMIT WILLIAMS,Amritsar
3470,VIVEK YADAV,Rajkot
3471,YASH MEHTA,Lucknow
3472,MEERA THOMPSON,Aurangabad
3473,OLIVIA ANSARI,Vijayawada
3474,KOMAL ANDERSON,Hyderabad
3475,RANI  THAKUR,Kozhikode
3476,TARA MEHTA,Tirupati
3477,ANITA  ANSARI,Jaipur
3478,ANITA REDDY,Tirupati
3479,DEV  MEHTA,Lucknow
3480,EMMA FERNANDES,Pune
3481,JAMES  KAPOOR,Ranchi
3482,YASH GUPTA,Ahmedabad
3483,EMMA MALHOTRA,Dhanbad
3484,RANI KHAN,Kolkata
3485,UNKNOWN,Nagpur
3486,DEEPAK  JOHNSON,Gurgaon
3487,DAVID ROY,Varanasi
3488,UNKNOWN,Chennai
3489,SARA KHANNA,Bhopal
3490,DEEPAK CLARK,Unknown
3491,PRIYA WILLIAMS,Nagpur
3492,OLIVIA GUPTA,Patna
3493,NEHA AGARWAL,Hyderabad
3494,RHEA DUTTA,Thrissur
3495,RAHUL TAYLOR,Tirupati
3496,HARSH MISHRA,Hyderabad
3497,POOJA ANDERSON,Patna
3498,SURESH SHEIKH,Coimbatore
3499,DEV TRIPATHI,Coimbatore
3500,SARA ANDERSON,Faridabad
3501,SIDDHARTH KHAN,Ranchi
3502,LIAM  SINGH,Allahabad
3503,FARHAN SHARMA,Vijayawada
3504,UNKNOWN,Pune
3505,YASH VERMA,Chennai
3506,ARJUN AGARWAL,Agra
3507,KABIR REDDY,Noida
3508,VIVEK THAKUR,Amritsar
3509,UNKNOWN,Ludhiana
3510,ANAYA KHANNA,Unknown
3511,RAHUL  SINGH,Srinagar
3512,UNKNOWN,Kanpur
3513,JOHN PATEL,Ranchi
3514,KABIR  PATEL,Chandigarh
3515,RAHUL GUPTA,Vadodara
3516,TARA  WILLIAMS,Delhi
3517,AMIT SHARMA,Thane
3518,VIKAS JOHNSON,Varanasi
3519,DAVID  REDDY,Faridabad
3520,HARSH  DSOUZA,Kochi
3521,SURESH KHAN,Rajkot
3522,HARSH  NAIDU,Chennai
3523,NOAH GUPTA,Pune
3524,VIVEK KHAN,Ghaziabad
3525,RANI TIWARI,Hyderabad
3526,ANAYA BOSE,Jodhpur
3527,SOPHIA DUTTA,Jabalpur
3528,NEHA KHAN,Dhanbad
3529,AMAN  KAPOOR,Pune
3530,UNKNOWN,Jabalpur
3531,KOMAL KHANNA,Nagpur
3532,TARA KHAN,Gwalior
3533,PETER SINGH,Dhanbad
3534,DEEPAK TAYLOR,Mysore
3535,JOHN FERNANDES,Chandigarh
3536,VIVEK  NAIDU,Surat
3537,YASH DSOUZA,Faridabad
3538,DAVID  BOSE,Varanasi
3539,UNKNOWN,Amritsar
3540,UNKNOWN,Patna
3541,UNKNOWN,Ghaziabad
3542,EMMA  GUPTA,Srinagar
3543,SOPHIA YADAV,Delhi
3544,ANITA MEHTA,Kozhikode
3545,SHIVAM  MALHOTRA,Ghaziabad
3546,ISHAAN KHAN,Dhanbad
3547,ARJUN PATEL,Meerut
3548,ANITA TIWARI,Salem
3549,GAURAV  WILLIAMS,Thrissur
3550,UNKNOWN,Coimbatore
3551,YASH CHAUHAN,Bhopal
3552,UNKNOWN,Delhi
3553,PRIYA  KAPOOR,Salem
3554,UNKNOWN,Aurangabad
3555,ZOYA DUTTA,Agra
3556,JAMES VERMA,Gurgaon
3557,ISHAAN ANSARI,Kanpur
3558,EMMA  PATEL,Bengaluru
3559,DAVID BROWN,Ranchi
3560,ISHAAN ROY,Nashik
3561,ANITA MALHOTRA,Tirupati
3562,SHIVAM THOMPSON,Allahabad
3563,AMAN ROY,Jabalpur
3564,VIHAAN BOSE,Bengaluru
3565,VIVEK BROWN,Unknown
3566,DAVID TAYLOR,Lucknow
3567,UNKNOWN,Salem
3568,SOPHIA BOSE,Varanasi
3569,KAVITA TIWARI,Thrissur
3570,KAVITA THAKUR,Rajkot
3571,GAURAV DSOUZA,Chennai
3572,EMMA GOWDA,Kochi
3573,LIAM ROY,Coimbatore
3574,ANITA VERMA,Kochi
3575,UNKNOWN,Jodhpur
3576,KOMAL DAS,Ghaziabad
3577,SARA REDDY,Jaipur
3578,KAVITA ROY,Unknown
3579,RAHUL CHAUHAN,Delhi
3580,DAVID THOMPSON,Hyderabad
3581,OLIVIA ANDERSON,Chandigarh
3582,UNKNOWN,Delhi
3583,MAHESH THOMPSON,Coimbatore
3584,RAHUL  TIWARI,Delhi
3585,DAVID DUTTA,Jodhpur
3586,ANAYA MALHOTRA,Ghaziabad
3587,SIDDHARTH ANDERSON,Pune
3588,OLIVIA  SHARMA,Mysore
3589,RHEA GOWDA,Dhanbad
3590,LIAM SHEIKH,Kolkata
3591,SARA THAKUR,Ghaziabad
3592,RANI ANDERSON,Vijayawada
3593,UNKNOWN,Rajkot
3594,RAHUL BOSE,Rajkot
3595,UNKNOWN,Salem
3596,PRIYA YADAV,Salem
3597,SARA MALHOTRA,Ghaziabad
3598,JOHN YADAV,Bengaluru
3599,VIVEK TAYLOR,Surat
3600,ARJUN REDDY,Coimbatore
3601,JAMES GOWDA,Ahmedabad
3602,MANISH DUTTA,Bengaluru
3603,ARJUN VERMA,Indore
3604,AMAN JOSHI,Bhopal
3605,MEERA THAKUR,Ahmedabad
3606,UNKNOWN,Tirupati
3607,ROHIT BOSE,Jodhpur
3608,VIVEK DUTTA,Pune
3609,RAHUL TIWARI,Noida
3610,PRIYA DUTTA,Ludhiana
3611,MEERA  GOWDA,Mumbai
3612,VIKAS JOSHI,Patna
3613,ARJUN THAKUR,Ghaziabad
3614,SOPHIA  MISHRA,Surat
3615,SOPHIA DAS,Noida
3616,TARA VERMA,Allahabad
3617,AMAN KHANNA,Nashik
3618,SNEHA  KAPOOR,Chandigarh
3619,HARSH THAKUR,Chennai
3620,RAHUL JOSHI,Pune
3621,SNEHA TRIPATHI,Dhanbad
3622,SNEHA THOMPSON,Hyderabad
3623,ISHAAN JOHNSON,Pune
3624,VIVEK  MALHOTRA,Ahmedabad
3625,SNEHA MISHRA,Pune
3626,AMIT VERMA,Ludhiana
3627,JAMES TAYLOR,Ghaziabad
3628,UNKNOWN,Bhopal
3629,UNKNOWN,Gurgaon
3630,NOAH  CLARK,Delhi
3631,MEERA JAIN,Salem
3632,VIKAS SINGH,Kochi
3633,MEERA JAIN,Chandigarh
3634,PRIYA SHARMA,Mysore
3635,DAVID  CHAUHAN,Jabalpur
3636,HARSH YADAV,Visakhapatnam
3637,ROHIT DUTTA,Ranchi
3638,HARSH NAIDU,Delhi
3639,NOAH MALHOTRA,Kolkata
3640,OLIVIA YADAV,Dhanbad
3641,GAURAV NAIDU,Delhi
3642,UNKNOWN,Nashik
3643,SHIVAM  THAKUR,Ranchi
3644,UNKNOWN,Surat
3645,SOPHIA NAIDU,Delhi
3646,RHEA   KAPOOR,Patna
3647,NOAH TIWARI,Agra
3648,YASH SINGH,Visakhapatnam
3649,AMAN DSOUZA,Thane
3650,JAMES SINGH,Jodhpur
3651,UNKNOWN,Faridabad
3652,TARA  ANDERSON,Unknown
3653,SOPHIA MALHOTRA,Patna
3654,VIVEK VERMA,Varanasi
3655,VIVEK TAYLOR,Indore
3656,MAHESH BOSE,Hyderabad
3657,UNKNOWN,Howrah
3658,UNKNOWN,Amritsar
3659,VIKAS WILLIAMS,Kolkata
3660,SOPHIA BROWN,Delhi
3661,SIDDHARTH THOMPSON,Gwalior
3662,SARA FERNANDES,Nagpur
3663,MAHESH JOSHI,Kozhikode
3664,FARHAN MALHOTRA,Aurangabad
3665,UNKNOWN,Srinagar
3666,SIDDHARTH ANDERSON,Mumbai
3667,MARIA KHAN,Mumbai
3668,ANAYA  BOSE,Allahabad
3669,NEHA KHANNA,Mysore
3670,TARA VERMA,Kochi
3671,DEEPAK YADAV,Thrissur
3672,UNKNOWN,Kolkata
3673,FARHAN  KAPOOR,Mumbai
3674,KAVITA DSOUZA,Pune
3675,DEV THAKUR,Kozhikode
3676,UNKNOWN,Delhi
3677,HARSH TAYLOR,Bhopal
3678,AMIT DSOUZA,Noida
3679,ANITA DSOUZA,Kochi
3680,VIHAAN ANDERSON,Kolkata
3681,AMIT BOSE,Indore
3682,FARHAN MEHTA,Thane
3683,UNKNOWN,Indore
3684,TARA YADAV,Lucknow
3685,SIDDHARTH ROY,Kanpur
3686,UNKNOWN,Kanpur
3687,PETER  GOWDA,Thrissur
3688,SOPHIA  AGARWAL,Kanpur
3689,SOPHIA PATEL,Kozhikode
3690,UNKNOWN,Nashik
3691,SHIVAM  KAPOOR,Vadodara
3692,RHEA  YADAV,Aurangabad
3693,YASH WILLIAMS,Indore
3694,ANAYA  TIWARI,Jabalpur
3695,RHEA  FERNANDES,Meerut
3696,KOMAL  KAPOOR,Ludhiana
3697,SARA SINGH,Ahmedabad
3698,KOMAL ANDERSON,Gurgaon
3699,EMMA AGARWAL,Visakhapatnam
3700,UNKNOWN,Thane
3701,OLIVIA SHARMA,Thane
3702,NEHA GUPTA,Srinagar
3703,NOAH AGARWAL,Nagpur
3704,UNKNOWN,Varanasi
3705,KAVITA YADAV,Pune
3706,DEV  SHEIKH,Ludhiana
3707,UNKNOWN,Jaipur
3708,AMAN SINGH,Thrissur
3709,ZOYA JAIN,Thane
3710,HARSH DUTTA,Coimbatore
3711,FARHAN MEHTA,Vijayawada
3712,AMAN AGARWAL,Mumbai
3713,LIAM ANDERSON,Kochi
3714,ASHA DAS,Ranchi
3715,UNKNOWN,Jaipur
3716,KOMAL VERMA,Delhi
3717,MARIA DAS,Varanasi
3718,ARJUN BROWN,Faridabad
3719,LIAM SINGH,Gurgaon
3720,SHIVAM DSOUZA,Delhi
3721,DEEPAK TIWARI,Dhanbad
3722,ANAYA SINGH,Mysore
3723,HARSH NAIDU,Ahmedabad
3724,KOMAL DAS,Ranchi
3725,UNKNOWN,Hyderabad
3726,RAHUL CHAUHAN,Delhi
3727,DEV WILLIAMS,Pune
3728,SURESH NAIDU,Jabalpur
3729,DEV  TRIPATHI,Patna
3730,NOAH JOSHI,Amritsar
3731,ASHA NAIDU,Faridabad
3732,DEV GUPTA,Jodhpur
3733,GAURAV TAYLOR,Howrah
3734,KOMAL TIWARI,Vadodara
3735,NEHA GOWDA,Dhanbad
3736,YASH DAS,Noida
3737,DEEPAK DAS,Meerut
3738,KOMAL CHAUHAN,Jabalpur
3739,MARIA KHAN,Thane
3740,LIAM THOMPSON,Hyderabad
3741,DAVID REDDY,Lucknow
3742,ROHIT  DUTTA,Nashik
3743,UNKNOWN,Lucknow
3744,NEHA TIWARI,Jabalpur
3745,PRIYA TIWARI,Unknown
3746,POOJA SHEIKH,Vijayawada
3747,DEEPAK GUPTA,Faridabad
3748,VIVEK DAS,Pune
3749,UNKNOWN,Jaipur
3750,SNEHA BROWN,Delhi
3751,AMAN JAIN,Ludhiana
3752,NEHA JOSHI,Jaipur
3753,DEV  JOHNSON,Dhanbad
3754,POOJA JOSHI,Aurangabad
3755,ANAYA CLARK,Salem
3756,NEHA REDDY,Srinagar
3757,KOMAL JOSHI,Aurangabad
3758,DEEPAK KHANNA,Chandigarh
3759,UNKNOWN,Vadodara
3760,JOHN ANSARI,Vadodara
3761,UNKNOWN,Amritsar
3762,HARSH ANDERSON,Gurgaon
3763,UNKNOWN,Gurgaon
3764,MAHESH MEHTA,Coimbatore
3765,ANAYA CHAUHAN,Thane
3766,KOMAL  DAS,Jodhpur
3767,SARA TAYLOR,Kochi
3768,UNKNOWN,Ahmedabad
3769,KAVITA  YADAV,Nagpur
3770,GAURAV MEHTA,Mumbai
3771,UNKNOWN,Delhi
3772,HARSH THOMPSON,Delhi
3773,UNKNOWN,Jabalpur
3774,HARSH  ROY,Amritsar
3775,ZOYA WILLIAMS,Kanpur
3776,RAHUL KHANNA,Gwalior
3777,ISHAAN BOSE,Kanpur
3778,AMIT AGARWAL,Srinagar
3779,UNKNOWN,Kochi
3780,DEEPAK  MEHTA,Vijayawada
3781,RANI CHAUHAN,Kozhikode
3782,NEHA  SHEIKH,Rajkot
3783,PETER SHEIKH,Allahabad
3784,UNKNOWN,Kozhikode
3785,UNKNOWN,Chandigarh
3786,HARSH BROWN,Madurai
3787,POOJA GUPTA,Chennai
3788,AMIT TIWARI,Jaipur
3789,NOAH GUPTA,Visakhapatnam
3790,LIAM TAYLOR,Mysore
3791,UNKNOWN,Meerut
3792,HARSH SHARMA,Madurai
3793,UNKNOWN,Ghaziabad
3794,UNKNOWN,Vadodara
3795,AMIT PATEL,Jabalpur
3796,DEEPAK  MEHTA,Nashik
3797,VIVEK FERNANDES,Aurangabad
3798,ARJUN BROWN,Pune
3799,NEHA NAIDU,Pune
3800,UNKNOWN,Kolkata
3801,VIVEK REDDY,Delhi
3802,PETER KHAN,Amritsar
3803,PRIYA DAS,Amritsar
3804,KOMAL DUTTA,Kozhikode
3805,SIDDHARTH FERNANDES,Ludhiana
3806,SURESH BROWN,Noida
3807,MANISH JOSHI,Faridabad
3808,ISHAAN JAIN,Amritsar
3809,AMIT GUPTA,Chandigarh
3810,KABIR ROY,Thane
3811,MEERA DUTTA,Varanasi
3812,GAURAV BOSE,Mumbai
3813,PETER NAIDU,Lucknow
3814,UNKNOWN,Varanasi
3815,NOAH THOMPSON,Agra
3816,NOAH  TIWARI,Delhi
3817,DAVID KHANNA,Hyderabad
3818,ARJUN SINGH,Faridabad
3819,EMMA BROWN,Nashik
3820,NOAH GOWDA,Thane
3821,ANITA VERMA,Kanpur
3822,TARA AGARWAL,Agra
3823,YASH  CLARK,Faridabad
3824,RHEA TAYLOR,Delhi
3825,KABIR CLARK,Faridabad
3826,UNKNOWN,Dhanbad
3827,VIKAS AGARWAL,Surat
3828,ANITA MEHTA,Varanasi
3829,RANI BROWN,Srinagar
3830,MAHESH THAKUR,Indore
3831,YASH AGARWAL,Kozhikode
3832,SOPHIA JOSHI,Mysore
3833,SIDDHARTH  KAPOOR,Patna
3834,DAVID CLARK,Ghaziabad
3835,PRIYA TAYLOR,Indore
3836,RHEA GUPTA,Kochi
3837,AMAN THAKUR,Allahabad
3838,VIKAS SINGH,Salem
3839,ASHA TAYLOR,Thrissur
3840,SHIVAM ANSARI,Lucknow
3841,MANISH VERMA,Gurgaon
3842,SIDDHARTH THOMPSON,Agra
3843,NOAH YADAV,Jodhpur
3844,SURESH TRIPATHI,Ghaziabad
3845,UNKNOWN,Agra
3846,RHEA  REDDY,Ranchi
3847,RAHUL CHAUHAN,Nashik
3848,JOHN GUPTA,Rajkot
3849,POOJA SINGH,Ludhiana
3850,JOHN CLARK,Allahabad
3851,JOHN TRIPATHI,Vijayawada
3852,AMAN ANDERSON,Delhi
3853,UNKNOWN,Howrah
3854,HARSH VERMA,Chandigarh
3855,RAHUL  BROWN,Thrissur
3856,RHEA  JOSHI,Bengaluru
3857,UNKNOWN,Delhi
3858,VIHAAN GUPTA,Amritsar
3859,MARIA THOMPSON,Jodhpur
3860,JAMES AGARWAL,Madurai
3861,SHIVAM NAIDU,Varanasi
3862,ANITA REDDY,Bhopal
3863,SHIVAM TRIPATHI,Delhi
3864,UNKNOWN,Aurangabad
3865,ROHIT TRIPATHI,Surat
3866,UNKNOWN,Hyderabad
3867,GAURAV ANDERSON,Gurgaon
3868,SURESH  PATEL,Thane
3869,GAURAV BOSE,Hyderabad
3870,MANISH TIWARI,Surat
3871,YASH DUTTA,Nagpur
3872,UNKNOWN,Kozhikode
3873,UNKNOWN,Kozhikode
3874,DEV JAIN,Ranchi
3875,JAMES SHEIKH,Tirupati
3876,UNKNOWN,Allahabad
3877,UNKNOWN,Coimbatore
3878,ANITA  SHEIKH,Hyderabad
3879,UNKNOWN,Kochi
3880,VIKAS  CLARK,Mumbai
3881,SURESH  REDDY,Surat
3882,DEEPAK GUPTA,Kochi
3883,MAHESH CHAUHAN,Jaipur
3884,UNKNOWN,Srinagar
3885,OLIVIA  YADAV,Kozhikode
3886,ANITA TRIPATHI,Hyderabad
3887,JOHN MALHOTRA,Mysore
3888,NEHA ANDERSON,Amritsar
3889,HARSH KHAN,Vadodara
3890,GAURAV VERMA,Nashik
3891,POOJA BROWN,Faridabad
3892,OLIVIA SINGH,Kozhikode
3893,SURESH CHAUHAN,Mumbai
3894,SURESH GOWDA,Dhanbad
3895,TARA ANDERSON,Allahabad
3896,UNKNOWN,Faridabad
3897,JOHN ANSARI,Surat
3898,TARA GUPTA,Varanasi
3899,UNKNOWN,Hyderabad
3900,UNKNOWN,Mumbai
3901,GAURAV  ANDERSON,Aurangabad
3902,POOJA CHAUHAN,Delhi
3903,DAVID NAIDU,Meerut
3904,UNKNOWN,Visakhapatnam
3905,KOMAL JOSHI,Hyderabad
3906,UNKNOWN,Hyderabad
3907,SNEHA CHAUHAN,Gwalior
3908,UNKNOWN,Salem
3909,AMAN DUTTA,Ghaziabad
3910,RHEA SHARMA,Delhi
3911,KOMAL  SINGH,Visakhapatnam
3912,JOHN ROY,Nashik
3913,SIDDHARTH SHEIKH,Patna
3914,TARA  AGARWAL,Kochi
3915,VIVEK DSOUZA,Thrissur
3916,SIDDHARTH YADAV,Ghaziabad
3917,ISHAAN DUTTA,Bengaluru
3918,HARSH YADAV,Visakhapatnam
3919,SHIVAM ROY,Hyderabad
3920,MAHESH  GUPTA,Tirupati
3921,KOMAL REDDY,Madurai
3922,HARSH MISHRA,Mumbai
3923,RHEA YADAV,Coimbatore
3924,GAURAV TIWARI,Jaipur
3925,UNKNOWN,Agra
3926,ANAYA SHARMA,Faridabad
3927,ROHIT MISHRA,Bengaluru
3928,RAHUL DSOUZA,Thane
3929,UNKNOWN,Meerut
3930,ZOYA BROWN,Delhi
3931,ASHA ANDERSON,Kanpur
3932,DEEPAK KHANNA,Gwalior
3933,ISHAAN GOWDA,Kozhikode
3934,MAHESH DAS,Delhi
3935,PETER  THOMPSON,Hyderabad
3936,KABIR MISHRA,Amritsar
3937,RANI MALHOTRA,Bhopal
3938,NOAH  YADAV,Gwalior
3939,VIHAAN NAIDU,Kozhikode
3940,NEHA  YADAV,Indore
3941,VIHAAN THOMPSON,Gwalior
3942,VIHAAN KHANNA,Gwalior
3943,ANITA MALHOTRA,Allahabad
3944,AMAN FERNANDES,Ludhiana
3945,ASHA SHEIKH,Ranchi
3946,EMMA CLARK,Vijayawada
3947,AMIT GUPTA,Thane
3948,SNEHA BOSE,Vadodara
3949,ASHA BOSE,Noida
3950,UNKNOWN,Thrissur
3951,ISHAAN TAYLOR,Ghaziabad
3952,ZOYA  KAPOOR,Howrah
3953,POOJA FERNANDES,Allahabad
3954,MEERA  MISHRA,Aurangabad
3955,UNKNOWN,Kozhikode
3956,MARIA GUPTA,Chandigarh
3957,RANI CHAUHAN,Noida
3958,MAHESH  KAPOOR,Noida
3959,KOMAL GOWDA,Vijayawada
3960,MARIA MEHTA,Faridabad
3961,PETER  MISHRA,Surat
3962,UNKNOWN,Salem
3963,UNKNOWN,Agra
3964,JAMES THAKUR,Jabalpur
3965,DEEPAK  MEHTA,Meerut
3966,VIKAS  JOHNSON,Dhanbad
3967,JOHN MISHRA,Jaipur
3968,DEEPAK KHANNA,Bhopal
3969,UNKNOWN,Gwalior
3970,NEHA NAIDU,Vijayawada
3971,SIDDHARTH  KHAN,Mumbai
3972,RAHUL BOSE,Vijayawada
3973,MEERA WILLIAMS,Dhanbad
3974,JOHN MISHRA,Delhi
3975,ANAYA  MISHRA,Thane
3976,UNKNOWN,Coimbatore
3977,ROHIT MEHTA,Kochi
3978,NEHA MEHTA,Hyderabad
3979,ARJUN PATEL,Dhanbad
3980,SIDDHARTH THAKUR,Hyderabad
3981,JOHN  MEHTA,Hyderabad
3982,SARA SHEIKH,Nagpur
3983,EMMA VERMA,Varanasi
3984,RANI KHANNA,Unknown
3985,OLIVIA TAYLOR,Ranchi
3986,UNKNOWN,Kochi
3987,UNKNOWN,Chandigarh
3988,UNKNOWN,Chennai
3989,NOAH  NAIDU,Ghaziabad
3990,EMMA SHARMA,Delhi
3991,POOJA WILLIAMS,Rajkot
3992,KABIR  DSOUZA,Noida
3993,JAMES BROWN,Nagpur
3994,SHIVAM THOMPSON,Chennai
3995,ANAYA THOMPSON,Thane
3996,ZOYA CHAUHAN,Jodhpur
3997,EMMA PATEL,Mumbai
3998,KABIR  SHARMA,Mysore
3999,JOHN FERNANDES,Delhi
4000,UNKNOWN,Chandigarh
4001,ZOYA  SHEIKH,Mumbai
4002,VIKAS JOHNSON,Hyderabad
4003,ISHAAN  SHEIKH,Agra
4004,ANAYA MALHOTRA,Indore
4005,SURESH NAIDU,Jodhpur
4006,HARSH NAIDU,Ghaziabad
4007,RHEA BOSE,Nashik
4008,NEHA ANDERSON,Salem
4009,ARJUN GOWDA,Varanasi
4010,POOJA  TAYLOR,Lucknow
4011,MAHESH BOSE,Pune
4012,SOPHIA KHAN,Salem
4013,SNEHA NAIDU,Lucknow
4014,SOPHIA  SINGH,Allahabad
4015,UNKNOWN,Mysore
4016,JOHN SHARMA,Dhanbad
4017,ZOYA KHANNA,Tirupati
4018,OLIVIA  TAYLOR,Ludhiana
4019,TARA  MISHRA,Surat
4020,VIKAS  TRIPATHI,Faridabad
4021,UNKNOWN,Lucknow
4022,KABIR PATEL,Allahabad
4023,NEHA NAIDU,Unknown
4024,NEHA TAYLOR,Agra
4025,FARHAN NAIDU,Rajkot
4026,ARJUN ANDERSON,Howrah
4027,MANISH THAKUR,Nagpur
4028,SARA TIWARI,Bhopal
4029,MANISH JOSHI,Hyderabad
4030,AMAN VERMA,Kanpur
4031,SURESH TIWARI,Madurai
4032,KOMAL NAIDU,Mumbai
4033,EMMA TAYLOR,Kozhikode
4034,ANITA KHAN,Gwalior
4035,AMIT MALHOTRA,Faridabad
4036,SURESH SHEIKH,Mumbai
4037,AMIT KHAN,Jaipur
4038,JAMES CHAUHAN,Jabalpur
4039,MANISH DSOUZA,Unknown
4040,PETER SHARMA,Howrah
4041,ZOYA DAS,Chandigarh
4042,UNKNOWN,Mumbai
4043,MAHESH CLARK,Srinagar
4044,KABIR MALHOTRA,Madurai
4045,ASHA GUPTA,Pune
4046,ZOYA JOHNSON,Kochi
4047,RHEA  JAIN,Hyderabad
4048,HARSH ANSARI,Ahmedabad
4049,SOPHIA THAKUR,Pune
4050,VIKAS ROY,Amritsar
4051,VIVEK DUTTA,Lucknow
4052,SURESH ANSARI,Tirupati
4053,ANITA PATEL,Gurgaon
4054,KAVITA GUPTA,Thane
4055,VIVEK SHARMA,Pune
4056,PETER GOWDA,Mumbai
4057,UNKNOWN,Srinagar
4058,POOJA MEHTA,Amritsar
4059,LIAM THAKUR,Pune
4060,ANAYA DAS,Hyderabad
4061,KABIR FERNANDES,Allahabad
4062,AMIT  YADAV,Mumbai
4063,ZOYA  GOWDA,Srinagar
4064,HARSH NAIDU,Gwalior
4065,KABIR KHAN,Nashik
4066,ISHAAN THAKUR,Kochi
4067,JAMES TAYLOR,Agra
4068,GAURAV SINGH,Chandigarh
4069,ANITA TIWARI,Ludhiana
4070,PETER  GUPTA,Varanasi
4071,UNKNOWN,Delhi
4072,LIAM  REDDY,Faridabad
4073,PETER MEHTA,Patna
4074,NEHA JOSHI,Salem
4075,UNKNOWN,Thrissur
4076,UNKNOWN,Bengaluru
4077,LIAM  THAKUR,Visakhapatnam
4078,VIHAAN WILLIAMS,Jodhpur
4079,SNEHA SINGH,Surat
4080,SARA YADAV,Jodhpur
4081,LIAM YADAV,Kolkata
4082,ANAYA JOSHI,Mumbai
4083,JAMES KHANNA,Kanpur
4084,UNKNOWN,Bengaluru
4085,UNKNOWN,Noida
4086,SHIVAM DAS,Faridabad
4087,KAVITA AGARWAL,Indore
4088,VIHAAN TRIPATHI,Kochi
4089,JOHN REDDY,Visakhapatnam
4090,UNKNOWN,Kochi
4091,YASH REDDY,Visakhapatnam
4092,SOPHIA MALHOTRA,Bhopal
4093,UNKNOWN,Unknown
4094,ARJUN SHEIKH,Thrissur
4095,PRIYA CHAUHAN,Patna
4096,DEV CLARK,Visakhapatnam
4097,MAHESH ANSARI,Aurangabad
4098,RANI TIWARI,Agra
4099,HARSH MISHRA,Thrissur
4100,VIHAAN   KAPOOR,Srinagar
4101,TARA JOHNSON,Mysore
4102,UNKNOWN,Thrissur
4103,ANAYA ROY,Faridabad
4104,UNKNOWN,Kozhikode
4105,RAHUL  AGARWAL,Varanasi
4106,OLIVIA JAIN,Vadodara
4107,EMMA YADAV,Allahabad
4108,AMIT SHARMA,Agra
4109,VIKAS NAIDU,Visakhapatnam
4110,SNEHA REDDY,Lucknow
4111,SIDDHARTH SHEIKH,Faridabad
4112,GAURAV  FERNANDES,Madurai
4113,NOAH SHEIKH,Kozhikode
4114,OLIVIA  KAPOOR,Vadodara
4115,AMAN THOMPSON,Vijayawada
4116,UNKNOWN,Chennai
4117,SARA  FERNANDES,Rajkot
4118,OLIVIA DAS,Chennai
4119,LIAM JAIN,Mysore
4120,KAVITA VERMA,Vadodara
4121,RAHUL BROWN,Kozhikode
4122,FARHAN THAKUR,Mumbai
4123,RHEA MEHTA,Gurgaon
4124,SNEHA JOHNSON,Noida
4125,FARHAN  SHARMA,Ghaziabad
4126,SIDDHARTH THAKUR,Thrissur
4127,RAHUL TIWARI,Gwalior
4128,EMMA REDDY,Pune
4129,HARSH NAIDU,Mysore
4130,DEEPAK KHAN,Ranchi
4131,HARSH JOSHI,Srinagar
4132,MANISH  MEHTA,Pune
4133,MAHESH VERMA,Kochi
4134,GAURAV JOHNSON,Kanpur
4135,OLIVIA  KAPOOR,Chandigarh
4136,DEEPAK TRIPATHI,Allahabad
4137,PRIYA GOWDA,Kanpur
4138,LIAM BOSE,Mysore
4139,PRIYA ROY,Salem
4140,SIDDHARTH KHANNA,Nagpur
4141,FARHAN GUPTA,Jodhpur
4142,ANAYA ANSARI,Ahmedabad
4143,AMIT TRIPATHI,Thrissur
4144,JAMES JOSHI,Hyderabad
4145,UNKNOWN,Kozhikode
4146,KAVITA PATEL,Ahmedabad
4147,PETER ROY,Hyderabad
4148,YASH TRIPATHI,Thane
4149,HARSH JOHNSON,Mumbai
4150,UNKNOWN,Kolkata
4151,JOHN  KAPOOR,Jabalpur
4152,KABIR  VERMA,Vadodara
4153,RAHUL FERNANDES,Tirupati
4154,RAHUL THAKUR,Jabalpur
4155,NEHA  MALHOTRA,Mumbai
4156,KAVITA TAYLOR,Kozhikode
4157,KAVITA SHEIKH,Jodhpur
4158,ROHIT JOHNSON,Mumbai
4159,SNEHA FERNANDES,Srinagar
4160,VIVEK ROY,Dhanbad
4161,DAVID MISHRA,Gwalior
4162,SOPHIA ROY,Kozhikode
4163,UNKNOWN,Delhi
4164,POOJA BROWN,Delhi
4165,ROHIT BROWN,Chandigarh
4166,SIDDHARTH GOWDA,Madurai
4167,SOPHIA JOHNSON,Rajkot
4168,RANI BROWN,Chennai
4169,RANI MEHTA,Gurgaon
4170,RHEA DUTTA,Mumbai
4171,ARJUN  TAYLOR,Rajkot
4172,UNKNOWN,Srinagar
4173,MEERA WILLIAMS,Gwalior
4174,NOAH THOMPSON,Chennai
4175,EMMA DAS,Mysore
4176,JOHN  YADAV,Pune
4177,RAHUL PATEL,Gurgaon
4178,MARIA KHAN,Mumbai
4179,SARA ANDERSON,Kanpur
4180,JOHN  ROY,Bhopal
4181,RAHUL ROY,Amritsar
4182,VIKAS CHAUHAN,Dhanbad
4183,MEERA DSOUZA,Indore
4184,NOAH THAKUR,Salem
4185,UNKNOWN,Unknown
4186,PRIYA ANDERSON,Kozhikode
4187,NEHA DSOUZA,Coimbatore
4188,UNKNOWN,Visakhapatnam
4189,MAHESH KHANNA,Ahmedabad
4190,EMMA WILLIAMS,Jodhpur
4191,MAHESH THAKUR,Dhanbad
4192,JAMES MISHRA,Chandigarh
4193,VIHAAN CHAUHAN,Rajkot
4194,GAURAV  KAPOOR,Thane
4195,JAMES ANSARI,Varanasi
4196,TARA MALHOTRA,Meerut
4197,TARA  GOWDA,Hyderabad
4198,NEHA REDDY,Chennai
4199,PRIYA  GUPTA,Thane
4200,SHIVAM  GOWDA,Ghaziabad
4201,KABIR ROY,Coimbatore
4202,UNKNOWN,Nashik
4203,PETER TRIPATHI,Hyderabad
4204,SIDDHARTH PATEL,Dhanbad
4205,SARA SHARMA,Visakhapatnam
4206,UNKNOWN,Gurgaon
4207,SHIVAM  KHAN,Pune
4208,SIDDHARTH JAIN,Lucknow
4209,AMIT MISHRA,Kozhikode
4210,JOHN DUTTA,Aurangabad
4211,UNKNOWN,Delhi
4212,KABIR BROWN,Nagpur
4213,UNKNOWN,Rajkot
4214,MAHESH THOMPSON,Unknown
4215,POOJA SHEIKH,Thane
4216,JAMES ANDERSON,Dhanbad
4217,NEHA MEHTA,Kolkata
4218,UNKNOWN,Jodhpur
4219,PRIYA  GOWDA,Kozhikode
4220,UNKNOWN,Gwalior
4221,TARA ROY,Rajkot
4222,ISHAAN  SINGH,Unknown
4223,GAURAV GOWDA,Jabalpur
4224,SURESH MISHRA,Visakhapatnam
4225,ARJUN SHARMA,Jodhpur
4226,ASHA  DUTTA,Visakhapatnam
4227,FARHAN  KAPOOR,Hyderabad
4228,MANISH ROY,Hyderabad
4229,GAURAV  WILLIAMS,Jodhpur
4230,SIDDHARTH FERNANDES,Noida
4231,NEHA  TRIPATHI,Gwalior
4232,SNEHA THAKUR,Lucknow
4233,SARA JOHNSON,Pune
4234,AMAN DAS,Faridabad
4235,RAHUL YADAV,Delhi
4236,SIDDHARTH DSOUZA,Faridabad
4237,VIVEK SHEIKH,Tirupati
4238,YASH TAYLOR,Pune
4239,UNKNOWN,Chandigarh
4240,ANAYA FERNANDES,Ludhiana
4241,JOHN DSOUZA,Hyderabad
4242,NOAH MEHTA,Jaipur
4243,GAURAV TIWARI,Unknown
4244,UNKNOWN,Nashik
4245,RANI AGARWAL,Howrah
4246,POOJA SHARMA,Pune
4247,RAHUL  CHAUHAN,Madurai
4248,VIHAAN  CLARK,Kolkata
4249,EMMA ROY,Dhanbad
4250,SOPHIA MISHRA,Dhanbad
4251,FARHAN ANDERSON,Srinagar
4252,EMMA SINGH,Meerut
4253,DEV ROY,Thrissur
4254,SHIVAM  TAYLOR,Unknown
4255,YASH JOHNSON,Varanasi
4256,VIKAS BOSE,Thrissur
4257,YASH REDDY,Delhi
4258,MEERA YADAV,Patna
4259,EMMA FERNANDES,Dhanbad
4260,DEV JOHNSON,Allahabad
4261,JOHN KHAN,Agra
4262,MAHESH WILLIAMS,Mumbai
4263,ANITA  YADAV,Bhopal
4264,DEEPAK SHEIKH,Agra
4265,UNKNOWN,Noida
4266,POOJA PATEL,Vijayawada
4267,UNKNOWN,Faridabad
4268,ASHA KHANNA,Ahmedabad
4269,MAHESH DAS,Jaipur
4270,PETER TAYLOR,Patna
4271,ARJUN SINGH,Amritsar
4272,HARSH SHEIKH,Bengaluru
4273,KABIR ROY,Ahmedabad
4274,JAMES  KAPOOR,Vadodara
4275,UNKNOWN,Aurangabad
4276,HARSH FERNANDES,Howrah
4277,ANITA BOSE,Unknown
4278,UNKNOWN,Kolkata
4279,RANI  MEHTA,Rajkot
4280,AMAN ANSARI,Surat
4281,VIKAS  FERNANDES,Kolkata
4282,MARIA DUTTA,Delhi
4283,AMAN GUPTA,Surat
4284,VIVEK  KAPOOR,Coimbatore
4285,KOMAL TRIPATHI,Nashik
4286,MARIA VERMA,Nagpur
4287,OLIVIA AGARWAL,Unknown
4288,JOHN REDDY,Nashik
4289,UNKNOWN,Unknown
4290,VIHAAN GUPTA,Ahmedabad
4291,AMAN THAKUR,Ghaziabad
4292,EMMA KHAN,Indore
4293,KOMAL TRIPATHI,Madurai
4294,MANISH PATEL,Mumbai
4295,KOMAL THOMPSON,Ghaziabad
4296,OLIVIA KHAN,Kolkata
4297,ANITA PATEL,Patna
4298,NEHA GOWDA,Bhopal
4299,PETER  KHANNA,Rajkot
4300,MARIA THAKUR,Vijayawada
4301,ROHIT SHARMA,Ranchi
4302,KAVITA  SINGH,Lucknow
4303,PETER MEHTA,Gurgaon
4304,UNKNOWN,Mysore
4305,ASHA SINGH,Nashik
4306,ANAYA TIWARI,Jaipur
4307,SURESH DSOUZA,Dhanbad
4308,MANISH WILLIAMS,Agra
4309,ARJUN AGARWAL,Howrah
4310,MANISH KHAN,Vijayawada
4311,KAVITA JOSHI,Kochi
4312,JAMES JOSHI,Pune
4313,UNKNOWN,Jaipur
4314,PETER AGARWAL,Delhi
4315,UNKNOWN,Ludhiana
4316,ARJUN   KAPOOR,Unknown
4317,ROHIT ANDERSON,Agra
4318,FARHAN ANDERSON,Ranchi
4319,MARIA  MALHOTRA,Delhi
4320,UNKNOWN,Aurangabad
4321,NOAH KHAN,Hyderabad
4322,MANISH JOHNSON,Faridabad
4323,ZOYA  MALHOTRA,Meerut
4324,VIKAS ANDERSON,Dhanbad
4325,SHIVAM AGARWAL,Delhi
4326,KABIR CHAUHAN,Visakhapatnam
4327,ROHIT VERMA,Bhopal
4328,NEHA VERMA,Patna
4329,LIAM  THOMPSON,Mysore
4330,UNKNOWN,Kanpur
4331,SURESH YADAV,Ludhiana
4332,RHEA DSOUZA,Delhi
4333,NOAH DAS,Pune
4334,EMMA  WILLIAMS,Hyderabad
4335,MEERA  KAPOOR,Meerut
4336,SNEHA DSOUZA,Kochi
4337,AMIT  KAPOOR,Mumbai
4338,KOMAL TAYLOR,Madurai
4339,SARA  CHAUHAN,Kochi
4340,AMIT  CLARK,Ghaziabad
4341,TARA GUPTA,Chandigarh
4342,DEV  MISHRA,Salem
4343,MEERA VERMA,Ludhiana
4344,ROHIT  BROWN,Gwalior
4345,OLIVIA PATEL,Faridabad
4346,RANI REDDY,Nashik
4347,NOAH MEHTA,Allahabad
4348,ANAYA MEHTA,Salem
4349,VIHAAN  WILLIAMS,Ghaziabad
4350,KOMAL REDDY,Thrissur
4351,EMMA  VERMA,Gurgaon
4352,MARIA  THOMPSON,Delhi
4353,NOAH NAIDU,Varanasi
4354,ASHA GOWDA,Delhi
4355,ANITA  THOMPSON,Aurangabad
4356,NOAH KHAN,Kanpur
4357,MAHESH  THOMPSON,Agra
4358,SHIVAM JAIN,Salem
4359,RANI NAIDU,Srinagar
4360,MAHESH MALHOTRA,Bengaluru
4361,UNKNOWN,Mysore
4362,HARSH TRIPATHI,Nashik
4363,UNKNOWN,Bengaluru
4364,VIVEK JOSHI,Amritsar
4365,UNKNOWN,Vadodara
4366,GAURAV SINGH,Chennai
4367,DEEPAK BROWN,Bengaluru
4368,TARA ANDERSON,Thane
4369,SURESH BOSE,Patna
4370,TARA ANDERSON,Madurai
4371,ROHIT DAS,Surat
4372,POOJA  SHARMA,Noida
4373,KAVITA SINGH,Pune
4374,UNKNOWN,Coimbatore
4375,SHIVAM  KHAN,Chandigarh
4376,SOPHIA TAYLOR,Chandigarh
4377,KOMAL ROY,Kozhikode
4378,RAHUL  THAKUR,Amritsar
4379,KAVITA GUPTA,Ludhiana
4380,ISHAAN TAYLOR,Varanasi
4381,OLIVIA GOWDA,Surat
4382,SNEHA  ANSARI,Jaipur
4383,DAVID  BROWN,Vadodara
4384,ANITA DAS,Gurgaon
4385,UNKNOWN,Allahabad
4386,KOMAL MEHTA,Vadodara
4387,UNKNOWN,Visakhapatnam
4388,UNKNOWN,Dhanbad
4389,DAVID  MEHTA,Ghaziabad
4390,KAVITA  SHARMA,Indore
4391,KABIR  VERMA,Meerut
4392,YASH AGARWAL,Surat
4393,SARA MALHOTRA,Nashik
4394,SHIVAM JOHNSON,Bhopal
4395,UNKNOWN,Nashik
4396,UNKNOWN,Faridabad
4397,RANI BOSE,Visakhapatnam
4398,ISHAAN BROWN,Indore
4399,GAURAV DSOUZA,Salem
4400,ISHAAN CHAUHAN,Jodhpur
4401,POOJA JOHNSON,Madurai
4402,KOMAL  THAKUR,Howrah
4403,MARIA JAIN,Jodhpur
4404,UNKNOWN,Hyderabad
4405,JOHN  MALHOTRA,Varanasi
4406,MARIA JOHNSON,Coimbatore
4407,FARHAN GUPTA,Kochi
4408,MANISH  JAIN,Nashik
4409,MARIA KHANNA,Ranchi
4410,ARJUN DSOUZA,Chandigarh
4411,MAHESH AGARWAL,Jabalpur
4412,MAHESH NAIDU,Ranchi
4413,MANISH REDDY,Amritsar
4414,DAVID DAS,Coimbatore
4415,UNKNOWN,Visakhapatnam
4416,SARA  FERNANDES,Nashik
4417,GAURAV ANSARI,Tirupati
4418,HARSH  SHEIKH,Jabalpur
4419,MANISH   KAPOOR,Ghaziabad
4420,GAURAV JOSHI,Ghaziabad
4421,SOPHIA JOSHI,Gurgaon
4422,UNKNOWN,Ahmedabad
4423,KABIR  GUPTA,Surat
4424,KAVITA DUTTA,Tirupati
4425,JOHN KHAN,Bhopal
4426,SIDDHARTH   KAPOOR,Agra
4427,KOMAL DUTTA,Jaipur
4428,UNKNOWN,Delhi
4429,MARIA BOSE,Aurangabad
4430,RANI  JAIN,Kozhikode
4431,RAHUL MEHTA,Indore
4432,VIHAAN  KHANNA,Indore
4433,KAVITA ROY,Ahmedabad
4434,VIVEK  DSOUZA,Chandigarh
4435,FARHAN SHEIKH,Vadodara
4436,ANAYA VERMA,Nagpur
4437,ROHIT ANSARI,Visakhapatnam
4438,UNKNOWN,Jodhpur
4439,SIDDHARTH JAIN,Visakhapatnam
4440,NOAH DUTTA,Dhanbad
4441,UNKNOWN,Aurangabad
4442,SURESH CLARK,Nashik
4443,DAVID ANDERSON,Mumbai
4444,ANITA  JOSHI,Howrah
4445,ANITA MALHOTRA,Kochi
4446,HARSH THAKUR,Aurangabad
4447,VIVEK ANDERSON,Jabalpur
4448,UNKNOWN,Kanpur
4449,GAURAV THAKUR,Varanasi
4450,DEEPAK FERNANDES,Amritsar
4451,LIAM AGARWAL,Howrah
4452,KABIR  KAPOOR,Bengaluru
4453,OLIVIA ANDERSON,Ahmedabad
4454,NEHA KHANNA,Howrah
4455,ASHA SHARMA,Bengaluru
4456,ISHAAN  ANSARI,Coimbatore
4457,NEHA NAIDU,Aurangabad
4458,KAVITA ROY,Indore
4459,ANITA GOWDA,Chandigarh
4460,MEERA  KAPOOR,Gurgaon
4461,PETER  AGARWAL,Pune
4462,UNKNOWN,Gurgaon
4463,JOHN GOWDA,Bhopal
4464,ROHIT  BOSE,Dhanbad
4465,UNKNOWN,Chennai
4466,VIKAS YADAV,Surat
4467,SARA AGARWAL,Srinagar
4468,SNEHA BROWN,Kanpur
4469,ANAYA KHAN,Hyderabad
4470,ASHA AGARWAL,Ludhiana
4471,MARIA WILLIAMS,Indore
4472,FARHAN TAYLOR,Nashik
4473,ISHAAN TAYLOR,Noida
4474,UNKNOWN,Patna
4475,RANI  ANDERSON,Madurai
4476,LIAM JAIN,Amritsar
4477,JAMES WILLIAMS,Faridabad
4478,UNKNOWN,Kochi
4479,EMMA FERNANDES,Dhanbad
4480,LIAM DSOUZA,Delhi
4481,MANISH THAKUR,Delhi
4482,KOMAL  NAIDU,Howrah
4483,NEHA  JOHNSON,Faridabad
4484,KABIR  THAKUR,Dhanbad
4485,ISHAAN SHARMA,Noida
4486,ARJUN BOSE,Kochi
4487,ANAYA TRIPATHI,Unknown
4488,UNKNOWN,Unknown
4489,DEEPAK WILLIAMS,Jodhpur
4490,UNKNOWN,Tirupati
4491,NEHA  DUTTA,Ranchi
4492,KABIR DUTTA,Noida
4493,RAHUL  TAYLOR,Varanasi
4494,UNKNOWN,Kanpur
4495,AMIT PATEL,Delhi
4496,VIVEK  JOHNSON,Noida
4497,ROHIT BOSE,Hyderabad
4498,KOMAL CHAUHAN,Lucknow
4499,UNKNOWN,Varanasi
4500,ANAYA  MISHRA,Hyderabad
4501,SHIVAM THOMPSON,Tirupati
4502,DEEPAK CHAUHAN,Chandigarh
4503,AMAN  CHAUHAN,Srinagar
4504,UNKNOWN,Mysore
4505,SOPHIA  REDDY,Bhopal
4506,JOHN TIWARI,Allahabad
4507,PETER BROWN,Hyderabad
4508,FARHAN GOWDA,Mumbai
4509,SHIVAM  MISHRA,Ghaziabad
4510,UNKNOWN,Thane
4511,SNEHA SHARMA,Tirupati
4512,YASH JOHNSON,Thrissur
4513,RAHUL DUTTA,Madurai
4514,MEERA TIWARI,Dhanbad
4515,POOJA  KAPOOR,Bhopal
4516,DEV  DAS,Chandigarh
4517,SOPHIA VERMA,Delhi
4518,UNKNOWN,Agra
4519,DEV YADAV,Pune
4520,SIDDHARTH SINGH,Dhanbad
4521,SOPHIA MEHTA,Noida
4522,ANAYA GOWDA,Delhi
4523,LIAM KHANNA,Aurangabad
4524,GAURAV SHEIKH,Aurangabad
4525,SIDDHARTH  GUPTA,Kochi
4526,UNKNOWN,Chennai
4527,UNKNOWN,Ahmedabad
4528,JAMES MALHOTRA,Srinagar
4529,UNKNOWN,Mumbai
4530,OLIVIA  NAIDU,Chandigarh
4531,RAHUL REDDY,Thrissur
4532,JOHN GUPTA,Aurangabad
4533,POOJA  DUTTA,Ludhiana
4534,ARJUN  JAIN,Jodhpur
4535,SURESH ANDERSON,Thane
4536,OLIVIA JAIN,Visakhapatnam
4537,ANITA BOSE,Jaipur
4538,AMAN FERNANDES,Hyderabad
4539,UNKNOWN,Gwalior
4540,MAHESH NAIDU,Gwalior
4541,VIHAAN JAIN,Pune
4542,DEV  DSOUZA,Bengaluru
4543,NEHA  MALHOTRA,Kochi
4544,DEV FERNANDES,Kozhikode
4545,MAHESH PATEL,Vadodara
4546,MAHESH TIWARI,Hyderabad
4547,TARA BOSE,Srinagar
4548,PETER CHAUHAN,Thrissur
4549,MARIA GUPTA,Vijayawada
4550,MARIA  ANDERSON,Unknown
4551,ISHAAN MISHRA,Madurai
4552,PRIYA GUPTA,Srinagar
4553,UNKNOWN,Amritsar
4554,LIAM THOMPSON,Unknown
4555,SIDDHARTH JAIN,Vadodara
4556,SIDDHARTH SINGH,Rajkot
4557,PETER KHAN,Noida
4558,YASH JOHNSON,Jodhpur
4559,KABIR DSOUZA,Patna
4560,MARIA TAYLOR,Unknown
4561,UNKNOWN,Mumbai
4562,SARA CHAUHAN,Faridabad
4563,DAVID TRIPATHI,Varanasi
4564,ARJUN GUPTA,Jodhpur
4565,DEEPAK SINGH,Indore
4566,ROHIT MALHOTRA,Pune
4567,UNKNOWN,Nagpur
4568,TARA DUTTA,Kolkata
4569,FARHAN MALHOTRA,Bhopal
4570,POOJA TRIPATHI,Srinagar
4571,RANI VERMA,Mumbai
4572,PETER DSOUZA,Jabalpur
4573,DEEPAK KHANNA,Aurangabad
4574,NEHA MISHRA,Unknown
4575,AMAN GOWDA,Kozhikode
4576,AMIT   KAPOOR,Jabalpur
4577,KAVITA JOHNSON,Faridabad
4578,DAVID GOWDA,Pune
4579,SIDDHARTH WILLIAMS,Vijayawada
4580,VIKAS GOWDA,Indore
4581,FARHAN SINGH,Unknown
4582,KOMAL ANSARI,Amritsar
4583,FARHAN KHANNA,Aurangabad
4584,YASH AGARWAL,Kanpur
4585,SOPHIA CLARK,Howrah
4586,AMAN CHAUHAN,Kolkata
4587,YASH PATEL,Delhi
4588,JAMES MISHRA,Kozhikode
4589,RHEA JAIN,Amritsar
4590,JAMES YADAV,Jaipur
4591,OLIVIA MEHTA,Bhopal
4592,JOHN BOSE,Bengaluru
4593,UNKNOWN,Jabalpur
4594,UNKNOWN,Kozhikode
4595,SHIVAM DSOUZA,Thrissur
4596,VIKAS TRIPATHI,Nagpur
4597,ZOYA ANSARI,Ludhiana
4598,JAMES TRIPATHI,Patna
4599,DEV  TIWARI,Pune
4600,OLIVIA ANDERSON,Kolkata
4601,RHEA GOWDA,Hyderabad
4602,HARSH MEHTA,Chennai
4603,UNKNOWN,Pune
4604,KABIR THOMPSON,Surat
4605,UNKNOWN,Nagpur
4606,TARA THAKUR,Vadodara
4607,SHIVAM CHAUHAN,Kanpur
4608,UNKNOWN,Mumbai
4609,UNKNOWN,Thrissur
4610,UNKNOWN,Allahabad
4611,POOJA SHARMA,Mumbai
4612,UNKNOWN,Tirupati
4613,YASH TRIPATHI,Pune
4614,FARHAN BROWN,Kozhikode
4615,SNEHA DAS,Delhi
4616,UNKNOWN,Jaipur
4617,SHIVAM DAS,Surat
4618,SARA  SHARMA,Pune
4619,ANITA SHEIKH,Lucknow
4620,GAURAV DSOUZA,Nagpur
4621,POOJA CHAUHAN,Kolkata
4622,RANI MALHOTRA,Tirupati
4623,FARHAN CLARK,Thrissur
4624,EMMA  GUPTA,Rajkot
4625,RAHUL CHAUHAN,Surat
4626,UNKNOWN,Coimbatore
4627,SARA  KAPOOR,Ghaziabad
4628,FARHAN ROY,Kozhikode
4629,ANAYA CHAUHAN,Faridabad
4630,ISHAAN NAIDU,Madurai
4631,RAHUL TRIPATHI,Srinagar
4632,SARA DSOUZA,Indore
4633,AMAN ANDERSON,Chandigarh
4634,UNKNOWN,Dhanbad
4635,ISHAAN  VERMA,Unknown
4636,DEEPAK PATEL,Rajkot
4637,RANI TRIPATHI,Srinagar
4638,RHEA REDDY,Agra
4639,SOPHIA PATEL,Jaipur
4640,KABIR AGARWAL,Salem
4641,UNKNOWN,Delhi
4642,ANAYA KHAN,Patna
4643,MARIA WILLIAMS,Bhopal
4644,UNKNOWN,Agra
4645,EMMA BROWN,Indore
4646,SNEHA JOHNSON,Chandigarh
4647,JOHN BOSE,Madurai
4648,DEV ANDERSON,Howrah
4649,MARIA DUTTA,Madurai
4650,VIKAS REDDY,Unknown
4651,EMMA MALHOTRA,Hyderabad
4652,DEV  KAPOOR,Mumbai
4653,KAVITA  ROY,Delhi
4654,UNKNOWN,Hyderabad
4655,FARHAN  AGARWAL,Meerut
4656,EMMA DAS,Ghaziabad
4657,ANITA SHARMA,Kanpur
4658,FARHAN  JOSHI,Gurgaon
4659,KOMAL ANDERSON,Hyderabad
4660,PRIYA   KAPOOR,Srinagar
4661,UNKNOWN,Kolkata
4662,OLIVIA PATEL,Gurgaon
4663,NEHA MALHOTRA,Tirupati
4664,RHEA  ROY,Srinagar
4665,UNKNOWN,Ahmedabad
4666,KAVITA JOHNSON,Faridabad
4667,AMAN  KAPOOR,Kozhikode
4668,NOAH ANSARI,Ludhiana
4669,SARA  KHAN,Dhanbad
4670,DEEPAK DSOUZA,Varanasi
4671,DEV DAS,Thrissur
4672,MAHESH MISHRA,Pune
4673,MAHESH TIWARI,Kanpur
4674,ASHA MISHRA,Jaipur
4675,VIKAS  JOSHI,Surat
4676,UNKNOWN,Unknown
4677,ARJUN ROY,Agra
4678,UNKNOWN,Kozhikode
4679,UNKNOWN,Gwalior
4680,JAMES SHEIKH,Madurai
4681,NEHA MISHRA,Amritsar
4682,JAMES  ANDERSON,Allahabad
4683,ISHAAN YADAV,Meerut
4684,GAURAV CLARK,Noida
4685,UNKNOWN,Tirupati
4686,GAURAV TRIPATHI,Ranchi
4687,ARJUN CLARK,Jodhpur
4688,UNKNOWN,Gwalior
4689,SIDDHARTH BROWN,Kanpur
4690,SHIVAM TIWARI,Surat
4691,NOAH MALHOTRA,Meerut
4692,RHEA CHAUHAN,Srinagar
4693,ANAYA  SHARMA,Hyderabad
4694,ANAYA MALHOTRA,Bengaluru
4695,VIKAS  MEHTA,Jodhpur
4696,MAHESH  MISHRA,Delhi
4697,SIDDHARTH  VERMA,Aurangabad
4698,DEEPAK  KAPOOR,Vijayawada
4699,MEERA  NAIDU,Ghaziabad
4700,DEEPAK WILLIAMS,Vadodara
4701,DEEPAK  NAIDU,Aurangabad
4702,UNKNOWN,Mysore
4703,RHEA GUPTA,Vadodara
4704,LIAM MEHTA,Nashik
4705,JOHN MALHOTRA,Mumbai
4706,YASH DAS,Pune
4707,ASHA NAIDU,Visakhapatnam
4708,NOAH TRIPATHI,Madurai
4709,KOMAL  THOMPSON,Kolkata
4710,JAMES  CHAUHAN,Meerut
4711,VIKAS THOMPSON,Kochi
4712,DEEPAK TAYLOR,Jabalpur
4713,DAVID ANSARI,Hyderabad
4714,ZOYA DUTTA,Madurai
4715,UNKNOWN,Mumbai
4716,PRIYA  MISHRA,Kolkata
4717,MAHESH DSOUZA,Agra
4718,SURESH KHAN,Mysore
4719,DEV  KAPOOR,Noida
4720,UNKNOWN,Jodhpur
4721,NOAH NAIDU,Varanasi
4722,KABIR WILLIAMS,Rajkot
4723,FARHAN  VERMA,Dhanbad
4724,UNKNOWN,Jabalpur
4725,SHIVAM BOSE,Varanasi
4726,VIHAAN MISHRA,Aurangabad
4727,VIKAS  AGARWAL,Unknown
4728,POOJA TAYLOR,Amritsar
4729,JOHN BOSE,Lucknow
4730,MARIA KHANNA,Thrissur
4731,UNKNOWN,Ranchi
4732,UNKNOWN,Indore
4733,SIDDHARTH JOHNSON,Dhanbad
4734,MEERA YADAV,Allahabad
4735,ISHAAN BROWN,Jaipur
4736,SURESH FERNANDES,Rajkot
4737,NEHA MISHRA,Meerut
4738,UNKNOWN,Ahmedabad
4739,SARA TRIPATHI,Meerut
4740,SIDDHARTH CLARK,Hyderabad
4741,MEERA  ROY,Surat
4742,DAVID GUPTA,Jodhpur
4743,YASH BROWN,Mysore
4744,PETER BOSE,Gwalior
4745,NEHA TAYLOR,Kanpur
4746,GAURAV ANDERSON,Jabalpur
4747,PETER DUTTA,Delhi
4748,KOMAL  BROWN,Chennai
4749,VIVEK ANDERSON,Coimbatore
4750,UNKNOWN,Gurgaon
4751,ROHIT REDDY,Madurai
4752,OLIVIA FERNANDES,Jabalpur
4753,VIHAAN TAYLOR,Jabalpur
4754,HARSH ANSARI,Mysore
4755,MARIA ANDERSON,Tirupati
4756,GAURAV PATEL,Jabalpur
4757,NOAH  JAIN,Chennai
4758,MARIA TRIPATHI,Bengaluru
4759,JOHN  DUTTA,Thrissur
4760,SIDDHARTH GOWDA,Mysore
4761,ARJUN BROWN,Lucknow
4762,NEHA BROWN,Visakhapatnam
4763,TARA THAKUR,Nagpur
4764,ISHAAN BOSE,Vadodara
4765,EMMA PATEL,Chennai
4766,RAHUL DAS,Varanasi
4767,UNKNOWN,Pune
4768,VIVEK  REDDY,Mumbai
4769,ASHA DAS,Salem
4770,UNKNOWN,Pune
4771,VIVEK DUTTA,Faridabad
4772,RANI DUTTA,Patna
4773,JAMES  JOSHI,Delhi
4774,KOMAL GUPTA,Agra
4775,TARA NAIDU,Agra
4776,POOJA SINGH,Amritsar
4777,UNKNOWN,Hyderabad
4778,KAVITA DSOUZA,Pune
4779,SHIVAM   KAPOOR,Meerut
4780,MAHESH THOMPSON,Kanpur
4781,MAHESH AGARWAL,Amritsar
4782,AMIT SINGH,Unknown
4783,VIVEK CLARK,Nagpur
4784,ANITA ANDERSON,Jaipur
4785,DEEPAK GOWDA,Howrah
4786,HARSH JAIN,Bhopal
4787,DEV BROWN,Kanpur
4788,SHIVAM BROWN,Indore
4789,ARJUN MALHOTRA,Varanasi
4790,RAHUL KHAN,Jodhpur
4791,NEHA  MISHRA,Ahmedabad
4792,UNKNOWN,Chandigarh
4793,UNKNOWN,Jaipur
4794,VIHAAN NAIDU,Kolkata
4795,GAURAV ROY,Mumbai
4796,ROHIT CLARK,Bhopal
4797,TARA MISHRA,Pune
4798,ISHAAN DAS,Hyderabad
4799,NEHA TAYLOR,Salem
4800,UNKNOWN,Pune
4801,UNKNOWN,Bhopal
4802,UNKNOWN,Kozhikode
4803,KAVITA JOHNSON,Nagpur
4804,ASHA KHAN,Noida
4805,VIKAS KHANNA,Pune
4806,NOAH KHAN,Faridabad
4807,UNKNOWN,Visakhapatnam
4808,ARJUN BOSE,Thrissur
4809,ARJUN FERNANDES,Bhopal
4810,SARA MALHOTRA,Ranchi
4811,YASH BROWN,Jaipur
4812,POOJA JOHNSON,Surat
4813,ZOYA KHANNA,Howrah
4814,RAHUL  TAYLOR,Gurgaon
4815,RANI  GUPTA,Meerut
4816,DEEPAK TRIPATHI,Vadodara
4817,POOJA DSOUZA,Surat
4818,SOPHIA  SHEIKH,Coimbatore
4819,SARA KHANNA,Ghaziabad
4820,FARHAN  ROY,Mysore
4821,DEEPAK CLARK,Bengaluru
4822,MARIA ROY,Nashik
4823,ARJUN FERNANDES,Mumbai
4824,SNEHA JAIN,Indore
4825,FARHAN SINGH,Kolkata
4826,GAURAV DAS,Salem
4827,OLIVIA WILLIAMS,Amritsar
4828,VIHAAN THAKUR,Varanasi
4829,HARSH JOHNSON,Pune
4830,KAVITA  NAIDU,Dhanbad
4831,DAVID TAYLOR,Allahabad
4832,UNKNOWN,Jaipur
4833,MANISH BOSE,Patna
4834,ARJUN  YADAV,Vadodara
4835,UNKNOWN,Ludhiana
4836,FARHAN MEHTA,Vijayawada
4837,JAMES YADAV,Thrissur
4838,DEEPAK  BOSE,Rajkot
4839,ANITA  DSOUZA,Tirupati
4840,SOPHIA KHAN,Indore
4841,NOAH GOWDA,Noida
4842,TARA WILLIAMS,Ahmedabad
4843,KOMAL MALHOTRA,Pune
4844,SNEHA SHEIKH,Faridabad
4845,ANAYA  TRIPATHI,Chennai
4846,SIDDHARTH  BROWN,Allahabad
4847,AMIT MISHRA,Chennai
4848,MANISH TIWARI,Visakhapatnam
4849,JAMES BROWN,Vadodara
4850,VIKAS BROWN,Nagpur
4851,FARHAN SINGH,Salem
4852,JOHN VERMA,Patna
4853,SHIVAM  AGARWAL,Visakhapatnam
4854,UNKNOWN,Coimbatore
4855,FARHAN TRIPATHI,Agra
4856,ANAYA PATEL,Srinagar
4857,LIAM GUPTA,Hyderabad
4858,UNKNOWN,Thrissur
4859,ARJUN JAIN,Nagpur
4860,MEERA ANSARI,Kochi
4861,FARHAN KHANNA,Mumbai
4862,KABIR  MEHTA,Ludhiana
4863,DEEPAK SHARMA,Jabalpur
4864,YASH FERNANDES,Jabalpur
4865,UNKNOWN,Lucknow
4866,GAURAV  SHARMA,Madurai
4867,HARSH  DUTTA,Aurangabad
4868,VIVEK DAS,Unknown
4869,PETER KHANNA,Rajkot
4870,ZOYA KHAN,Kochi
4871,SHIVAM  DUTTA,Mysore
4872,MANISH  FERNANDES,Kanpur
4873,MARIA JAIN,Kochi
4874,UNKNOWN,Madurai
4875,VIHAAN ROY,Visakhapatnam
4876,SIDDHARTH  ANSARI,Jodhpur
4877,MARIA DAS,Vijayawada
4878,UNKNOWN,Bhopal
4879,UNKNOWN,Lucknow
4880,SHIVAM CHAUHAN,Kochi
4881,ROHIT   KAPOOR,Mumbai
4882,ANITA JOSHI,Hyderabad
4883,YASH BROWN,Thrissur
4884,YASH SHARMA,Jabalpur
4885,NEHA JOSHI,Aurangabad
4886,NEHA FERNANDES,Gwalior
4887,UNKNOWN,Hyderabad
4888,VIVEK SHARMA,Dhanbad
4889,ASHA GOWDA,Meerut
4890,MANISH THAKUR,Tirupati
4891,DEEPAK  AGARWAL,Faridabad
4892,ROHIT GOWDA,Kolkata
4893,MEERA SHARMA,Ghaziabad
4894,PETER ROY,Ranchi
4895,GAURAV AGARWAL,Nashik
4896,AMIT THOMPSON,Kozhikode
4897,UNKNOWN,Mumbai
4898,MARIA ANSARI,Mumbai
4899,VIKAS VERMA,Indore
4900,ZOYA SHARMA,Agra
4901,ASHA DSOUZA,Noida
4902,UNKNOWN,Mumbai
4903,ZOYA ANSARI,Rajkot
4904,KAVITA KHAN,Mysore
4905,LIAM KHAN,Noida
4906,ARJUN SHARMA,Chandigarh
4907,NEHA DUTTA,Jodhpur
4908,HARSH JOSHI,Meerut
4909,SARA MISHRA,Varanasi
4910,NEHA  CLARK,Jaipur
4911,ZOYA  MISHRA,Salem
4912,KABIR GOWDA,Rajkot
4913,SURESH YADAV,Visakhapatnam
4914,RANI GOWDA,Tirupati
4915,ZOYA BOSE,Kanpur
4916,RANI BROWN,Faridabad
4917,AMAN JAIN,Dhanbad
4918,OLIVIA TIWARI,Vijayawada
4919,ROHIT SINGH,Chennai
4920,AMAN JAIN,Dhanbad
4921,MAHESH ANDERSON,Ahmedabad
4922,MARIA GUPTA,Chennai
4923,MEERA ANSARI,Hyderabad
4924,MAHESH THAKUR,Gurgaon
4925,FARHAN CLARK,Lucknow
4926,ANITA  KAPOOR,Vadodara
4927,MANISH BOSE,Bengaluru
4928,YASH GOWDA,Thrissur
4929,UNKNOWN,Srinagar
4930,AMIT GOWDA,Ludhiana
4931,MEERA JOHNSON,Lucknow
4932,ANITA KHAN,Bengaluru
4933,HARSH NAIDU,Amritsar
4934,UNKNOWN,Delhi
4935,MAHESH ANDERSON,Indore
4936,AMIT TIWARI,Tirupati
4937,ANITA NAIDU,Kanpur
4938,RAHUL JAIN,Rajkot
4939,ANAYA FERNANDES,Bengaluru
4940,MANISH GUPTA,Vadodara
4941,SIDDHARTH DAS,Hyderabad
4942,JOHN  GOWDA,Kozhikode
4943,ANITA AGARWAL,Pune
4944,MARIA WILLIAMS,Hyderabad
4945,RAHUL SHARMA,Lucknow
4946,UNKNOWN,Pune
4947,RANI  MALHOTRA,Thane
4948,PETER CHAUHAN,Mysore
4949,DEEPAK  DAS,Jabalpur
4950,TARA NAIDU,Amritsar
4951,LIAM  YADAV,Meerut
4952,NEHA  JOSHI,Hyderabad
4953,DEV DAS,Mumbai
4954,KOMAL FERNANDES,Kanpur
4955,VIKAS THAKUR,Rajkot
4956,MAHESH REDDY,Howrah
4957,AMIT AGARWAL,Chennai
4958,MAHESH WILLIAMS,Ranchi
4959,NEHA THOMPSON,Delhi
4960,POOJA  MALHOTRA,Lucknow
4961,KAVITA VERMA,Ranchi
4962,SHIVAM GOWDA,Coimbatore
4963,MARIA KHAN,Ludhiana
4964,DEV JAIN,Indore
4965,FARHAN VERMA,Patna
4966,VIVEK  BROWN,Gurgaon
4967,VIHAAN MEHTA,Ahmedabad
4968,NEHA SINGH,Madurai
4969,KABIR CHAUHAN,Srinagar
4970,HARSH NAIDU,Amritsar
4971,AMIT CLARK,Delhi
4972,UNKNOWN,Ghaziabad
4973,SOPHIA SINGH,Kolkata
4974,POOJA ANSARI,Ludhiana
4975,UNKNOWN,Jaipur
4976,UNKNOWN,Visakhapatnam
4977,DAVID  TRIPATHI,Pune
4978,UNKNOWN,Hyderabad
4979,TARA THOMPSON,Faridabad
4980,SIDDHARTH DSOUZA,Thrissur
4981,LIAM KHAN,Ahmedabad
4982,HARSH JOSHI,Noida
4983,AMAN JAIN,Surat
4984,SOPHIA ANDERSON,Vadodara
4985,UNKNOWN,Patna
4986,HARSH PATEL,Nashik
4987,UNKNOWN,Mysore
4988,NEHA  TIWARI,Pune
4989,EMMA JOHNSON,Bengaluru
4990,ZOYA  SINGH,Faridabad
4991,VIKAS  PATEL,Kolkata
4992,UNKNOWN,Chandigarh
4993,OLIVIA SINGH,Coimbatore
4994,LIAM DAS,Jaipur
4995,UNKNOWN,Agra
4996,SOPHIA THOMPSON,Coimbatore
4997,RANI CHAUHAN,Gurgaon
4998,RHEA  CHAUHAN,Vijayawada
4999,NOAH VERMA,Kochi
5000,YASH KHAN,Amritsar
